"anem_table_id","dive_table_id","anem_obs_time","anem_spp","anem_dia","anem_id","old_anem_id","anem_collector","depth_m","depth_ft","anem_sample_id","anem_notes","anem_correction","anem_corr_date","anem_corr_editor","anem_corr_message","anem_obs"
5766,241,"10:49:17","HECR",20,NULL,NULL,"MRS",NULL,3,NULL,NULL,NULL,NULL,NULL,NULL,NULL
2287,90,"14:56:00","HECR",NULL,NULL,NULL,"MRS",NULL,6,NULL,"TONS OF ANEMONES. Michelle estimated as 50 in 8/2014.",NULL,NULL,NULL,NULL,NULL
285,12,"10:20:00","HECR",25,NULL,NULL,"MLP",4.2,NULL,NULL,"#140 had orange-edged tal, #141 had a yellow tail",NULL,NULL,NULL,NULL,NULL
5226,209,"13:37:56","HECR",29,NULL,NULL,"G_S",NULL,5,NULL,NULL,NULL,NULL,NULL,NULL,NULL
2355,90,"16:25:00","HECR",30,NULL,NULL,"MRS",NULL,5,NULL,NULL,NULL,NULL,NULL,NULL,NULL
5492,209,"14:25:29","HECR",33,NULL,NULL,"G_S",NULL,5,NULL,NULL,NULL,NULL,NULL,NULL,NULL
5952,241,"11:40:41","HECR",30,NULL,NULL,"MRS",NULL,3,NULL,NULL,NULL,NULL,NULL,NULL,NULL
5436,211,"14:12:00","HECR",25,NULL,NULL,"MRS",NULL,4,NULL,NULL,NULL,NULL,NULL,NULL,NULL
5434,211,"14:12:00","HECR",25,NULL,NULL,"MRS",NULL,4,NULL,NULL,NULL,NULL,NULL,NULL,NULL
5948,242,"11:38:40","HECR",29,NULL,NULL,"G_S",NULL,5,NULL,NULL,NULL,NULL,NULL,NULL,NULL
5432,209,"14:11:47","HECR",18,NULL,NULL,"G_S",NULL,5,NULL,NULL,NULL,NULL,NULL,NULL,NULL
5946,242,"11:38:40","HECR",18,NULL,NULL,"G_S",NULL,5,NULL,NULL,NULL,NULL,NULL,NULL,NULL
5430,209,"14:11:47","HECR",23,NULL,NULL,"G_S",NULL,5,NULL,NULL,NULL,NULL,NULL,NULL,NULL
5944,242,"11:38:40","HECR",25,NULL,NULL,"G_S",NULL,5,NULL,NULL,NULL,NULL,NULL,NULL,NULL
5428,209,"14:11:47","HECR",22,NULL,NULL,"G_S",NULL,5,NULL,NULL,NULL,NULL,NULL,NULL,NULL
7983,334,"14:59:00","HEMG",45,NULL,NULL,"MRS",1.8,NULL,NULL,NULL,NULL,NULL,NULL,NULL,NULL
5940,241,"11:38:40","HECR",30,NULL,NULL,"MRS",NULL,3,NULL,NULL,NULL,NULL,NULL,NULL,NULL
370,18,"08:57:00","HECR",40,NULL,NULL,"MLP",2.4,NULL,NULL,NULL,NULL,NULL,NULL,NULL,NULL
5424,209,"14:11:47","HECR",9,NULL,NULL,"G_S",NULL,5,NULL,NULL,NULL,NULL,NULL,NULL,NULL
5938,241,"11:38:40","HECR",30,NULL,NULL,"MRS",NULL,3,NULL,NULL,NULL,NULL,NULL,NULL,NULL
5936,241,"11:38:40","HECR",30,NULL,NULL,"MRS",NULL,3,NULL,NULL,NULL,NULL,NULL,NULL,NULL
5420,210,"14:11:30","HECR",30,NULL,NULL,"PHF",NULL,5,NULL,NULL,NULL,NULL,NULL,NULL,NULL
5418,210,"14:10:30","HECR",25,NULL,NULL,"PHF",NULL,5,NULL,NULL,NULL,NULL,NULL,NULL,NULL
5932,241,"11:35:50","HECR",40,NULL,NULL,"MRS",NULL,3,NULL,NULL,NULL,NULL,NULL,NULL,NULL
5416,212,"14:10:21","HECR",25,NULL,NULL,"JAH",NULL,4,NULL,NULL,NULL,NULL,NULL,NULL,NULL
2448,92,"14:54:00","HECR",30,NULL,NULL,"MRS",NULL,10,NULL,NULL,NULL,NULL,NULL,NULL,NULL
5412,212,"14:10:21","HECR",30,NULL,NULL,"JAH",NULL,4,NULL,NULL,NULL,NULL,NULL,NULL,NULL
5924,242,"11:30:07","HECR",30,NULL,NULL,"G_S",NULL,5,NULL,NULL,NULL,NULL,NULL,NULL,NULL
2188,88,"14:21:00","HECR",30,NULL,NULL,"MRS",NULL,7,NULL,NULL,NULL,NULL,NULL,NULL,NULL
5408,210,"14:08:00","HECR",30,NULL,NULL,"PHF",NULL,5,NULL,NULL,NULL,NULL,NULL,NULL,NULL
5920,242,"11:28:44","HECR",21,NULL,NULL,"G_S",NULL,4,NULL,NULL,NULL,NULL,NULL,NULL,NULL
5404,209,"14:07:13","HECR",25,NULL,NULL,"G_S",NULL,5,NULL,NULL,NULL,NULL,NULL,NULL,NULL
5402,209,"14:07:13","HECR",27,NULL,NULL,"G_S",NULL,5,NULL,NULL,NULL,NULL,NULL,NULL,NULL
5916,241,"11:25:56","HECR",25,NULL,NULL,"MRS",NULL,3,NULL,NULL,NULL,NULL,NULL,NULL,NULL
5400,209,"14:07:13","HECR",32,NULL,NULL,"G_S",NULL,5,NULL,NULL,NULL,NULL,NULL,NULL,NULL
5914,241,"11:25:56","HECR",25,NULL,NULL,"MRS",NULL,3,NULL,NULL,NULL,NULL,NULL,NULL,NULL
5398,209,"14:07:13","HECR",34,NULL,NULL,"G_S",NULL,5,NULL,NULL,NULL,NULL,NULL,NULL,NULL
5912,241,"11:25:56","HECR",25,NULL,NULL,"MRS",NULL,3,NULL,NULL,NULL,NULL,NULL,NULL,NULL
2182,88,"13:56:00","HECR",15,NULL,NULL,"MRS",NULL,7,NULL,"didn't catch because it had B & W tail, doesn't look like polymnus though",NULL,NULL,NULL,NULL,NULL
5910,241,"11:25:56","HECR",25,NULL,NULL,"MRS",NULL,3,NULL,NULL,NULL,NULL,NULL,NULL,NULL
5394,210,"14:06:30","HECR",25,NULL,NULL,"PHF",NULL,5,NULL,NULL,NULL,NULL,NULL,NULL,NULL
5908,241,"11:25:56","HECR",25,NULL,NULL,"MRS",NULL,3,NULL,NULL,NULL,NULL,NULL,NULL,NULL
368,17,"15:14:00","HECR",25,NULL,NULL,"MLP",3.5,NULL,NULL,NULL,NULL,NULL,NULL,NULL,NULL
5392,211,"14:05:00","HECR",35,NULL,NULL,"MRS",NULL,6,NULL,"TOOK PHOTO AND VIDEO OF WEIRD ANEM THAT IS NOT STME",NULL,NULL,NULL,NULL,NULL
5906,241,"11:24:50","HECR",30,NULL,NULL,"MRS",NULL,3,NULL,NULL,NULL,NULL,NULL,NULL,NULL
2436,92,"14:08:00","HECR",25,NULL,NULL,"MRS",NULL,4,NULL,NULL,NULL,NULL,NULL,NULL,NULL
5904,241,"11:24:50","HECR",30,NULL,NULL,"MRS",NULL,3,NULL,NULL,NULL,NULL,NULL,NULL,NULL
5388,209,"14:04:44","HECR",15,NULL,NULL,"G_S",NULL,5,NULL,NULL,NULL,NULL,NULL,NULL,NULL
2435,92,"14:07:00","HECR",30,NULL,NULL,"MRS",NULL,4,NULL,NULL,NULL,NULL,NULL,NULL,NULL
5386,209,"14:04:44","HECR",20,NULL,NULL,"G_S",NULL,5,NULL,NULL,NULL,NULL,NULL,NULL,NULL
5900,242,"11:22:56","HECR",19,NULL,NULL,"G_S",NULL,5,NULL,NULL,NULL,NULL,NULL,NULL,NULL
7941,333,"10:40:00","ENQD",30,NULL,NULL,"MRS",4.3,NULL,NULL,NULL,NULL,NULL,NULL,NULL,NULL
367,17,"15:03:00","HECR",20,NULL,NULL,"MLP",3.9,NULL,NULL,NULL,NULL,NULL,NULL,NULL,NULL
2176,88,"13:31:00","ENQD",40,NULL,NULL,"MRS",NULL,13,NULL,NULL,NULL,NULL,NULL,NULL,NULL
5384,212,"14:04:41","HECR",20,NULL,NULL,"JAH",NULL,4,NULL,NULL,NULL,NULL,NULL,NULL,NULL
5898,242,"11:22:56","HECR",27,NULL,NULL,"G_S",NULL,5,NULL,NULL,NULL,NULL,NULL,NULL,NULL
271,12,"09:24:00","HECR",30,NULL,NULL,"MLP",2.1,NULL,NULL,NULL,NULL,NULL,NULL,NULL,NULL
2432,92,"13:52:00","STME",30,NULL,NULL,"MRS",NULL,10,NULL,"AND ALSO A CRAB",NULL,NULL,NULL,NULL,NULL
5896,242,"11:22:56","HECR",18,NULL,NULL,"G_S",NULL,5,NULL,NULL,NULL,NULL,NULL,NULL,NULL
5380,211,"14:04:30","HECR",30,NULL,NULL,"MRS",NULL,4,NULL,NULL,NULL,NULL,NULL,NULL,NULL
2430,92,"13:36:00","HECR",30,NULL,NULL,"MRS",NULL,5,NULL,"COULDN'T CATCH LARGER",NULL,NULL,NULL,NULL,NULL
5892,242,"11:21:28","HECR",33,NULL,NULL,"G_S",NULL,5,NULL,NULL,NULL,NULL,NULL,NULL,NULL
2172,88,"13:16:00","HECR",20,NULL,NULL,"MRS",NULL,9,NULL,"ALREADY CUT",NULL,NULL,NULL,NULL,NULL
5890,241,"11:20:50","HECR",30,NULL,NULL,"MRS",NULL,3,NULL,NULL,NULL,NULL,NULL,NULL,NULL
92,8,"10:20:00","HECR",30,NULL,NULL,"MLP",5,NULL,NULL,NULL,NULL,NULL,NULL,NULL,NULL
5888,241,"11:20:50","HECR",30,NULL,NULL,"MRS",NULL,3,NULL,NULL,NULL,NULL,NULL,NULL,NULL
5884,242,"11:16:07","HECR",28,NULL,NULL,"G_S",NULL,5,NULL,NULL,NULL,NULL,NULL,NULL,NULL
2939,132,"14:23:00","HECR",30,NULL,NULL,"MRS",NULL,4,NULL,NULL,NULL,NULL,NULL,NULL,NULL
5882,242,"11:16:07","HECR",28,NULL,NULL,"G_S",NULL,5,NULL,NULL,NULL,NULL,NULL,NULL,NULL
5880,242,"11:16:07","HECR",25,NULL,NULL,"G_S",NULL,5,NULL,NULL,NULL,NULL,NULL,NULL,NULL
5364,209,"13:59:58","HECR",13,NULL,NULL,"G_S",NULL,5,NULL,NULL,NULL,NULL,NULL,NULL,NULL
5878,242,"11:16:07","HECR",38,NULL,NULL,"G_S",NULL,5,NULL,NULL,NULL,NULL,NULL,NULL,NULL
5876,241,"11:14:50","HECR",30,NULL,NULL,"MRS",NULL,3,NULL,NULL,NULL,NULL,NULL,NULL,NULL
366,16,"13:00:00","HECR",30,NULL,NULL,"MLP",2.2,NULL,NULL,NULL,NULL,NULL,NULL,NULL,NULL
2935,132,"14:18:00","STGI",50,NULL,NULL,"MRS",NULL,4,NULL,NULL,NULL,NULL,NULL,NULL,NULL
5874,241,"11:14:50","HECR",30,NULL,NULL,"MRS",NULL,3,NULL,NULL,NULL,NULL,NULL,NULL,NULL
5872,241,"11:14:50","HECR",30,NULL,NULL,"MRS",NULL,3,NULL,NULL,NULL,NULL,NULL,NULL,NULL
5356,210,"13:59:00","HECR",25,NULL,NULL,"PHF",NULL,7,NULL,NULL,NULL,NULL,NULL,NULL,NULL
5868,241,"11:14:10","HECR",25,NULL,NULL,"MRS",NULL,3,NULL,NULL,NULL,NULL,NULL,NULL,NULL
5352,211,"13:58:00","HECR",30,NULL,NULL,"MRS",NULL,7,NULL,NULL,NULL,NULL,NULL,NULL,NULL
5866,241,"11:14:10","HECR",25,NULL,NULL,"MRS",NULL,3,NULL,NULL,NULL,NULL,NULL,NULL,NULL
5864,241,"11:14:10","HECR",25,NULL,NULL,"MRS",NULL,3,NULL,NULL,NULL,NULL,NULL,NULL,NULL
301,14,"14:01:00","HECR",30,NULL,NULL,"MLP",4.4,NULL,NULL,NULL,NULL,NULL,NULL,NULL,NULL
5862,242,"11:14:00","HECR",27,NULL,NULL,"G_S",NULL,6,NULL,NULL,NULL,NULL,NULL,NULL,NULL
2928,132,"14:02:00","STME",30,NULL,NULL,"MRS",NULL,2,NULL,"took pic to verify species",NULL,NULL,NULL,NULL,NULL
5860,242,"11:14:00","HECR",24,NULL,NULL,"G_S",NULL,6,NULL,NULL,NULL,NULL,NULL,NULL,NULL
5858,242,"11:14:00","HECR",29,NULL,NULL,"G_S",NULL,6,NULL,NULL,NULL,NULL,NULL,NULL,NULL
5856,242,"11:11:10","HECR",29,NULL,NULL,"G_S",NULL,6,NULL,NULL,NULL,NULL,NULL,NULL,NULL
2154,87,"10:03:00","HECR",30,NULL,NULL,"MRS",NULL,6,NULL,"Didn't catch",NULL,NULL,NULL,NULL,NULL
5850,241,"11:11:10","HECR",30,NULL,NULL,"MRS",NULL,3,NULL,NULL,NULL,NULL,NULL,NULL,NULL
5846,241,"11:11:10","HECR",30,NULL,NULL,"MRS",NULL,3,NULL,NULL,NULL,NULL,NULL,NULL,NULL
5844,241,"11:11:10","HECR",30,NULL,NULL,"MRS",NULL,3,NULL,NULL,NULL,NULL,NULL,NULL,NULL
5842,241,"11:11:10","HECR",30,NULL,NULL,"MRS",NULL,3,NULL,NULL,NULL,NULL,NULL,NULL,NULL
7883,332,"13:40:00","HECR",25,NULL,NULL,"MRS",2,NULL,NULL,NULL,NULL,NULL,NULL,NULL,NULL
2147,87,"09:33:00","HECR",15,NULL,NULL,"MRS",NULL,10,NULL,"No fish",NULL,NULL,NULL,NULL,NULL
5840,241,"11:08:58","HECR",30,NULL,NULL,"MRS",NULL,3,NULL,NULL,NULL,NULL,NULL,NULL,NULL
2402,91,"10:10:00","HECR",10,NULL,NULL,"MRS",NULL,6,NULL,NULL,NULL,NULL,NULL,NULL,NULL
5836,241,"11:08:58","HECR",30,NULL,NULL,"MRS",NULL,3,NULL,NULL,NULL,NULL,NULL,NULL,NULL
2144,87,"09:24:00","ENQD",20,NULL,NULL,"MRS",NULL,10,NULL,NULL,NULL,NULL,NULL,NULL,NULL
5834,242,"11:08:30","HECR",27,NULL,NULL,"G_S",NULL,10,NULL,NULL,NULL,NULL,NULL,NULL,NULL
267,12,"09:14:00","HECR",25,NULL,NULL,"MLP",2.6,NULL,NULL,NULL,NULL,NULL,NULL,NULL,NULL
5832,241,"11:07:17","HEMA",10,NULL,NULL,"MRS",NULL,3,NULL,NULL,NULL,NULL,NULL,NULL,NULL
2142,87,"09:20:00","HECR",5,NULL,NULL,"MRS",NULL,10,NULL,"Didn't catch",NULL,NULL,NULL,NULL,NULL
2398,91,"10:01:00","HECR",30,NULL,NULL,"MRS",NULL,6,NULL,NULL,NULL,NULL,NULL,NULL,NULL
5826,241,"11:07:17","HECR",30,NULL,NULL,"MRS",NULL,3,NULL,NULL,NULL,NULL,NULL,NULL,NULL
91,8,"10:20:00","HECR",20,NULL,NULL,"MLP",5,NULL,NULL,NULL,NULL,NULL,NULL,NULL,NULL
5824,241,"11:03:27","HECR",30,NULL,NULL,"MRS",NULL,3,NULL,NULL,NULL,NULL,NULL,NULL,NULL
2138,87,"08:57:00","STME",30,NULL,NULL,"MRS",NULL,7,NULL,"Adjacent to anem 412",NULL,NULL,NULL,NULL,NULL
2394,91,"09:51:00","HECR",30,NULL,NULL,"MRS",NULL,12,NULL,NULL,NULL,NULL,NULL,NULL,NULL
5820,241,"11:01:35","HECR",30,NULL,NULL,"MRS",NULL,3,NULL,NULL,NULL,NULL,NULL,NULL,NULL
2136,87,"08:53:00","HECR",20,NULL,NULL,"MRS",NULL,8,NULL,NULL,NULL,NULL,NULL,NULL,NULL
5304,209,"13:52:34","HECR",25,NULL,NULL,"G_S",NULL,5,NULL,NULL,NULL,NULL,NULL,NULL,NULL
2135,87,"08:50:00","HECR",15,NULL,NULL,"MRS",NULL,8,NULL,"Didn't catch any.  The 5cm fish has an extremely white face, very black and white fish, almost no orange",NULL,NULL,NULL,NULL,NULL
266,12,"09:13:00","HECR",25,NULL,NULL,"MLP",2.6,NULL,NULL,NULL,NULL,NULL,NULL,NULL,NULL
5816,241,"11:01:35","HECR",30,NULL,NULL,"MRS",NULL,3,NULL,NULL,NULL,NULL,NULL,NULL,NULL
2391,91,"09:41:00","????",NULL,NULL,NULL,"MRS",NULL,10,NULL,NULL,NULL,NULL,NULL,NULL,NULL
298,13,"12:26:00","HECR",50,NULL,NULL,"MLP",5.1,NULL,NULL,NULL,NULL,NULL,NULL,NULL,NULL
2388,91,"09:31:00","HECR",30,NULL,NULL,"MRS",NULL,9,NULL,NULL,NULL,NULL,NULL,NULL,NULL
5808,242,"11:00:28","HECR",30,NULL,NULL,"G_S",NULL,5,NULL,NULL,NULL,NULL,NULL,NULL,NULL
5804,241,"10:59:20","HECR",30,NULL,NULL,"MRS",NULL,3,NULL,NULL,NULL,NULL,NULL,NULL,NULL
2899,130,"10:41:30","HECR",25,NULL,NULL,"MRS",NULL,7,NULL,NULL,NULL,NULL,NULL,NULL,NULL
2128,82,"15:27:00","HECR",80,NULL,NULL,"MRS",NULL,5,NULL,NULL,NULL,NULL,NULL,NULL,NULL
5802,241,"10:59:20","HECR",30,NULL,NULL,"MRS",NULL,3,NULL,NULL,NULL,NULL,NULL,NULL,NULL
5800,241,"10:59:20","HECR",30,NULL,NULL,"MRS",NULL,3,NULL,NULL,NULL,NULL,NULL,NULL,NULL
329,15,"09:28:00","HECR",20,NULL,NULL,"MLP",1,NULL,NULL,NULL,NULL,NULL,NULL,NULL,NULL
297,13,"11:58:00","ENQD",20,NULL,NULL,"MLP",4.8,NULL,NULL,"#155, #156, #157, #158, #160 had yellow tails, #159 had orange edges",NULL,NULL,NULL,NULL,NULL
7839,331,"10:43:00","ENQD",30,NULL,NULL,"MRS",6.6,NULL,NULL,NULL,NULL,NULL,NULL,NULL,NULL
5796,242,"10:56:35","HECR",30,NULL,NULL,"G_S",NULL,7,NULL,NULL,NULL,NULL,NULL,NULL,NULL
5280,209,"13:48:44","HECR",30,NULL,NULL,"G_S",NULL,5,NULL,NULL,NULL,NULL,NULL,NULL,NULL
5794,242,"10:56:35","HECR",27,NULL,NULL,"G_S",NULL,7,NULL,NULL,NULL,NULL,NULL,NULL,NULL
5788,241,"10:52:45","HECR",20,NULL,NULL,"MRS",NULL,3,NULL,NULL,NULL,NULL,NULL,NULL,NULL
2120,82,"14:50:00","HECR",30,NULL,NULL,"MRS",NULL,7,NULL,NULL,NULL,NULL,NULL,NULL,NULL
5786,241,"10:52:45","HECR",20,NULL,NULL,"MRS",NULL,3,NULL,NULL,NULL,NULL,NULL,NULL,NULL
5784,241,"10:51:23","HECR",20,NULL,NULL,"MRS",NULL,3,NULL,NULL,NULL,NULL,NULL,NULL,NULL
5268,209,"13:45:54","HECR",10,NULL,NULL,"G_S",NULL,5,NULL,NULL,NULL,NULL,NULL,NULL,NULL
296,13,"11:58:00","ENQD",20,NULL,NULL,"MLP",4.8,NULL,NULL,"#161 had orange-edged tail, #162 had white patch, #163 was yellow, #164 had orange edges ",NULL,NULL,NULL,NULL,NULL
2375,91,"08:57:00","MADO",60,NULL,NULL,"MRS",NULL,4,NULL,NULL,NULL,NULL,NULL,NULL,NULL
5782,241,"10:51:23","HECR",20,NULL,NULL,"MRS",NULL,3,NULL,NULL,NULL,NULL,NULL,NULL,NULL
5780,241,"10:50:30","HECR",25,NULL,NULL,"MRS",NULL,3,NULL,NULL,NULL,NULL,NULL,NULL,NULL
5778,241,"10:50:30","HECR",25,NULL,NULL,"MRS",NULL,3,NULL,NULL,NULL,NULL,NULL,NULL,NULL
2115,82,"14:29:00","HECR",60,NULL,NULL,"MRS",NULL,7,NULL,NULL,NULL,NULL,NULL,NULL,NULL
2372,91,"08:53:00","HECR",30,NULL,NULL,"MRS",NULL,2,NULL,NULL,NULL,NULL,NULL,NULL,NULL
5776,241,"10:50:30","HECR",25,NULL,NULL,"MRS",NULL,3,NULL,NULL,NULL,NULL,NULL,NULL,NULL
2371,91,"08:51:00","HECR",15,NULL,NULL,"MRS",NULL,2,NULL,"NO FISH",NULL,NULL,NULL,NULL,NULL
5772,242,"10:49:36","HECR",26,NULL,NULL,"G_S",NULL,7,NULL,NULL,NULL,NULL,NULL,NULL,NULL
5770,241,"10:49:17","HECR",20,NULL,NULL,"MRS",NULL,3,NULL,NULL,NULL,NULL,NULL,NULL,NULL
7811,330,"14:07:00","HECR",25,NULL,NULL,"MRS",1.5,NULL,NULL,NULL,NULL,NULL,NULL,NULL,NULL
5768,241,"10:49:17","HECR",20,NULL,NULL,"MRS",NULL,3,NULL,NULL,NULL,NULL,NULL,NULL,NULL
327,15,"09:25:00","HECR",30,NULL,NULL,"MLP",2.4,NULL,NULL,NULL,NULL,NULL,NULL,NULL,NULL
5764,241,"10:49:17","HECR",20,NULL,NULL,"MRS",NULL,3,NULL,NULL,NULL,NULL,NULL,NULL,NULL
5762,241,"10:49:17","HECR",20,NULL,NULL,"MRS",NULL,3,NULL,NULL,NULL,NULL,NULL,NULL,NULL
90,8,"10:13:00","HEAR",20,NULL,NULL,"MLP",5,NULL,NULL,NULL,NULL,NULL,NULL,NULL,NULL
2364,91,"08:36:00","HECR",30,NULL,NULL,"MRS",NULL,1,NULL,NULL,NULL,NULL,NULL,NULL,NULL
5760,241,"10:49:17","HECR",20,NULL,NULL,"MRS",NULL,3,NULL,NULL,NULL,NULL,NULL,NULL,NULL
5244,209,"13:42:02","HECR",27,NULL,NULL,"G_S",NULL,5,NULL,NULL,NULL,NULL,NULL,NULL,NULL
2362,91,"08:34:00","HECR",30,NULL,NULL,"MRS",NULL,1,NULL,NULL,NULL,NULL,NULL,NULL,NULL
5756,241,"10:47:09","HECR",15,NULL,NULL,"MRS",NULL,3,NULL,NULL,NULL,NULL,NULL,NULL,NULL
5754,241,"10:47:09","HECR",15,NULL,NULL,"MRS",NULL,3,NULL,NULL,NULL,NULL,NULL,NULL,NULL
5752,241,"10:46:03","HECR",25,NULL,NULL,"MRS",NULL,3,NULL,NULL,NULL,NULL,NULL,NULL,NULL
2102,82,"13:40:00","????",NULL,NULL,NULL,"MRS",NULL,9,NULL,NULL,NULL,NULL,NULL,NULL,NULL
2615,105,"11:39:00","HECR",40,NULL,NULL,"MRS",NULL,6,NULL,NULL,NULL,NULL,NULL,NULL,NULL
326,15,"09:21:00","HECR",30,NULL,NULL,"MLP",2.4,NULL,NULL,NULL,NULL,NULL,NULL,NULL,NULL
5750,241,"10:46:03","HECR",25,NULL,NULL,"MRS",NULL,3,NULL,NULL,NULL,NULL,NULL,NULL,NULL
5748,241,"10:46:03","HECR",25,NULL,NULL,"MRS",NULL,3,NULL,NULL,NULL,NULL,NULL,NULL,NULL
358,16,"12:22:00","HECR",40,NULL,NULL,"MLP",2.8,NULL,NULL,NULL,NULL,NULL,NULL,NULL,NULL
5740,242,"10:39:55","HECR",26,NULL,NULL,"G_S",NULL,5,NULL,NULL,NULL,NULL,NULL,NULL,NULL
357,16,"12:16:00","HECR",20,NULL,NULL,"MLP",1.9,NULL,NULL,NULL,NULL,NULL,NULL,NULL,NULL
7781,329,"09:50:00","HECR",30,NULL,NULL,"MRS",5.9,NULL,NULL,NULL,NULL,NULL,NULL,NULL,NULL
5224,209,"13:37:56","HECR",16,NULL,NULL,"G_S",NULL,5,NULL,NULL,NULL,NULL,NULL,NULL,NULL
5738,242,"10:39:55","HECR",22,NULL,NULL,"G_S",NULL,5,NULL,NULL,NULL,NULL,NULL,NULL,NULL
2607,105,"11:10:00","HECR",30,NULL,NULL,"MRS",NULL,6,NULL,NULL,NULL,NULL,NULL,NULL,NULL
325,15,"09:14:00","HECR",20,NULL,NULL,"MLP",1.7,NULL,NULL,NULL,NULL,NULL,NULL,NULL,NULL
293,13,"11:56:00","ENQD",20,NULL,NULL,"MLP",4.4,NULL,NULL,NULL,NULL,NULL,NULL,NULL,NULL
5734,241,"10:38:11","HECR",15,NULL,NULL,"MRS",NULL,3,NULL,NULL,NULL,NULL,NULL,NULL,NULL
5732,242,"10:37:10","HECR",9,NULL,NULL,"G_S",NULL,5,NULL,NULL,NULL,NULL,NULL,NULL,NULL
5730,242,"10:37:10","HECR",24,NULL,NULL,"G_S",NULL,5,NULL,NULL,NULL,NULL,NULL,NULL,NULL
5724,241,"10:36:30","HECR",15,NULL,NULL,"MRS",NULL,3,NULL,NULL,NULL,NULL,NULL,NULL,NULL
5722,242,"10:34:28","HECR",30,NULL,NULL,"G_S",NULL,5,NULL,NULL,NULL,NULL,NULL,NULL,NULL
2344,90,"15:37:00","HECR",30,NULL,NULL,"MRS",NULL,6,NULL,NULL,NULL,NULL,NULL,NULL,NULL
5720,242,"10:34:28","HECR",12,NULL,NULL,"G_S",NULL,5,NULL,NULL,NULL,NULL,NULL,NULL,NULL
5204,211,"13:33:00","HECR",30,NULL,NULL,"MRS",NULL,5,NULL,NULL,NULL,NULL,NULL,NULL,NULL
5718,242,"10:34:28","HECR",30,NULL,NULL,"G_S",NULL,5,NULL,NULL,NULL,NULL,NULL,NULL,NULL
5716,242,"10:34:28","HECR",25,NULL,NULL,"G_S",NULL,5,NULL,NULL,NULL,NULL,NULL,NULL,NULL
5714,241,"10:32:59","HECR",30,NULL,NULL,"MRS",NULL,3,NULL,NULL,NULL,NULL,NULL,NULL,NULL
5712,241,"10:31:06","HECR",25,NULL,NULL,"MRS",NULL,3,NULL,NULL,NULL,NULL,NULL,NULL,NULL
5708,241,"10:29:31","HECR",25,NULL,NULL,"MRS",NULL,3,NULL,NULL,NULL,NULL,NULL,NULL,NULL
5706,241,"10:29:31","HECR",25,NULL,NULL,"MRS",NULL,3,NULL,NULL,NULL,NULL,NULL,NULL,NULL
5704,241,"10:28:00","HECR",25,NULL,NULL,"MRS",NULL,3,NULL,NULL,NULL,NULL,NULL,NULL,NULL
2591,101,"13:30:00","????",NULL,NULL,NULL,"MRS",NULL,NULL,NULL,NULL,NULL,NULL,NULL,NULL,NULL
291,13,"11:37:00","ENQD",50,NULL,NULL,"MLP",4.4,NULL,NULL,"#151 had a yellow tail, #152 had a white patch, and #153 had orange edges",NULL,NULL,NULL,NULL,NULL
5700,241,"10:28:00","HECR",30,NULL,NULL,"MRS",NULL,3,NULL,NULL,NULL,NULL,NULL,NULL,NULL
5698,242,"10:27:18","HECR",28,NULL,NULL,"G_S",NULL,5,NULL,NULL,NULL,NULL,NULL,NULL,NULL
89,8,"10:12:00","HECR",20,NULL,NULL,"MLP",5,NULL,NULL,NULL,NULL,NULL,NULL,NULL,NULL
2332,90,"15:04:00","HECR",30,NULL,NULL,"MRS",NULL,6,NULL,NULL,NULL,NULL,NULL,NULL,NULL
5696,242,"10:27:18","HECR",30,NULL,NULL,"G_S",NULL,5,NULL,NULL,NULL,NULL,NULL,NULL,NULL
2330,90,"14:56:00","HECR",NULL,NULL,NULL,"MRS",NULL,6,NULL,"TONS OF ANEMONES. Michelle estimated as 50 in 8/2014.",NULL,NULL,NULL,NULL,NULL
5692,242,"10:27:18","HECR",32,NULL,NULL,"G_S",NULL,5,NULL,NULL,NULL,NULL,NULL,NULL,NULL
5688,240,"10:58:00",NULL,NULL,NULL,NULL,"MRS",NULL,NULL,NULL,"REEF BEGINS AGAIN AFTER SAND PATCH",NULL,NULL,NULL,NULL,NULL
2326,90,"14:56:00","HECR",NULL,NULL,NULL,"MRS",NULL,6,NULL,"TONS OF ANEMONES. Michelle estimated as 50 in 8/2014.",NULL,NULL,NULL,NULL,NULL
5168,212,"13:27:04","HECR",17,NULL,NULL,"JAH",NULL,4,NULL,NULL,NULL,NULL,NULL,NULL,NULL
2324,90,"14:56:00","HECR",NULL,NULL,NULL,"MRS",NULL,6,NULL,"TONS OF ANEMONES. Michelle estimated as 50 in 8/2014.",NULL,NULL,NULL,NULL,NULL
2579,101,"12:48:00","HECR",30,NULL,NULL,"MRS",NULL,15,NULL,NULL,NULL,NULL,NULL,NULL,NULL
2323,90,"14:56:00","HECR",NULL,NULL,NULL,"MRS",NULL,6,NULL,"TONS OF ANEMONES. Michelle estimated as 50 in 8/2014.",NULL,NULL,NULL,NULL,NULL
2322,90,"14:56:00","HECR",NULL,NULL,NULL,"MRS",NULL,6,NULL,"TONS OF ANEMONES. Michelle estimated as 50 in 8/2014.",NULL,NULL,NULL,NULL,NULL
2320,90,"14:56:00","HECR",NULL,NULL,NULL,"MRS",NULL,6,NULL,"TONS OF ANEMONES. Michelle estimated as 50 in 8/2014.",NULL,NULL,NULL,NULL,NULL
5672,237,"09:03:53","ENQD",35,NULL,NULL,"G_S",NULL,12,NULL,NULL,NULL,NULL,NULL,NULL,NULL
5156,209,"13:25:05","HECR",25,NULL,NULL,"G_S",NULL,5,NULL,NULL,NULL,NULL,NULL,NULL,NULL
5670,238,"09:00:00",NULL,NULL,NULL,NULL,"MRS",NULL,NULL,NULL,"MOORING",NULL,NULL,NULL,NULL,NULL
2318,90,"14:56:00","HECR",NULL,NULL,NULL,"MRS",NULL,6,NULL,"TONS OF ANEMONES. Michelle estimated as 50 in 8/2014.",NULL,NULL,NULL,NULL,NULL
5668,238,"08:52:00",NULL,NULL,NULL,NULL,"MRS",NULL,NULL,NULL,"SWIMMING SOUTH, SWITCHES FROM SAND TO SCATTERED ROCKS AND CORALS",NULL,NULL,NULL,NULL,NULL
353,16,"12:07:00","HECR",20,NULL,NULL,"MLP",2,NULL,NULL,NULL,NULL,NULL,NULL,NULL,NULL
2831,128,"13:55:00","STHD",20,NULL,NULL,"MRS",NULL,6,NULL,NULL,NULL,NULL,NULL,NULL,NULL
5666,209,"15:05:20","HECR",27,NULL,NULL,"G_S",NULL,4,NULL,NULL,NULL,NULL,NULL,NULL,NULL
2316,90,"14:56:00","HECR",NULL,NULL,NULL,"MRS",NULL,6,NULL,"TONS OF ANEMONES. Michelle estimated as 50 in 8/2014.",NULL,NULL,NULL,NULL,NULL
5664,209,"15:05:20","HECR",22,NULL,NULL,"G_S",NULL,4,NULL,NULL,NULL,NULL,NULL,NULL,NULL
2571,101,"12:17:00","HECR",20,NULL,NULL,"MRS",NULL,12,NULL,NULL,NULL,NULL,NULL,NULL,NULL
5660,209,"15:05:20","HECR",28,NULL,NULL,"G_S",NULL,4,NULL,NULL,NULL,NULL,NULL,NULL,NULL
5658,209,"15:05:20","HECR",31,NULL,NULL,"G_S",NULL,4,NULL,NULL,NULL,NULL,NULL,NULL,NULL
5656,210,"15:05:00","HECR",20,NULL,NULL,"PHF",NULL,5,NULL,"PHF IS UNABLE TO READ ANEMONE TAG",NULL,NULL,NULL,NULL,NULL
5654,209,"15:03:10","HECR",20,NULL,NULL,"G_S",NULL,4,NULL,NULL,NULL,NULL,NULL,NULL,NULL
2310,90,"14:56:00","HECR",NULL,NULL,NULL,"MRS",NULL,6,NULL,"TONS OF ANEMONES. Michelle estimated as 50 in 8/2014.",NULL,NULL,NULL,NULL,NULL
5652,209,"15:03:10","HECR",16,NULL,NULL,"G_S",NULL,4,NULL,NULL,NULL,NULL,NULL,NULL,NULL
5136,212,"13:23:38","HECR",10,NULL,NULL,"JAH",NULL,4,NULL,NULL,NULL,NULL,NULL,NULL,NULL
5650,209,"15:03:10","HECR",24,NULL,NULL,"G_S",NULL,4,NULL,NULL,NULL,NULL,NULL,NULL,NULL
2563,100,"09:50:00","MADO",5,NULL,NULL,"MRS",NULL,15,NULL,NULL,NULL,NULL,NULL,NULL,NULL
2307,90,"14:56:00","HECR",NULL,NULL,NULL,"MRS",NULL,6,NULL,"TONS OF ANEMONES. Michelle estimated as 50 in 8/2014.",NULL,NULL,NULL,NULL,NULL
2306,90,"14:56:00","HECR",NULL,NULL,NULL,"MRS",NULL,6,NULL,"TONS OF ANEMONES. Michelle estimated as 50 in 8/2014.",NULL,NULL,NULL,NULL,NULL
5644,209,"15:01:33","HECR",16,NULL,NULL,"G_S",NULL,4,NULL,NULL,NULL,NULL,NULL,NULL,NULL
5642,209,"15:01:33","HECR",12,NULL,NULL,"G_S",NULL,4,NULL,NULL,NULL,NULL,NULL,NULL,NULL
2304,90,"14:56:00","HECR",NULL,NULL,NULL,"MRS",NULL,6,NULL,"TONS OF ANEMONES. Michelle estimated as 50 in 8/2014.",NULL,NULL,NULL,NULL,NULL
5640,209,"15:01:33","HECR",30,NULL,NULL,"G_S",NULL,4,NULL,NULL,NULL,NULL,NULL,NULL,NULL
2559,100,"09:15:00","HECR",30,NULL,NULL,"MRS",NULL,16,NULL,NULL,NULL,NULL,NULL,NULL,NULL
287,12,"10:26:00","HECR",35,NULL,NULL,"MLP",3.8,NULL,NULL,"#142 had orange-edged tail, #143 was yellow",NULL,NULL,NULL,NULL,NULL
2303,90,"14:56:00","HECR",NULL,NULL,NULL,"MRS",NULL,6,NULL,"TONS OF ANEMONES. Michelle estimated as 50 in 8/2014.",NULL,NULL,NULL,NULL,NULL
5638,209,"15:00:10","HECR",15,NULL,NULL,"G_S",NULL,4,NULL,NULL,NULL,NULL,NULL,NULL,NULL
5636,209,"15:00:10","HECR",26,NULL,NULL,"G_S",NULL,4,NULL,NULL,NULL,NULL,NULL,NULL,NULL
351,16,"12:03:00","HECR",25,NULL,NULL,"MLP",2.9,NULL,NULL,NULL,NULL,NULL,NULL,NULL,NULL
5634,210,"15:00:00","HECR",22,NULL,NULL,"PHF",NULL,5,NULL,NULL,NULL,NULL,NULL,NULL,NULL
88,8,"10:12:00","HECR",15,NULL,NULL,"MLP",5,NULL,NULL,NULL,NULL,NULL,NULL,NULL,NULL
2298,90,"14:56:00","HECR",NULL,NULL,NULL,"MRS",NULL,6,NULL,"TONS OF ANEMONES. Michelle estimated as 50 in 8/2014.",NULL,NULL,NULL,NULL,NULL
2292,90,"14:56:00","HECR",NULL,NULL,NULL,"MRS",NULL,6,NULL,"TONS OF ANEMONES. Michelle estimated as 50 in 8/2014.",NULL,NULL,NULL,NULL,NULL
2291,90,"14:56:00","HECR",NULL,NULL,NULL,"MRS",NULL,6,NULL,"TONS OF ANEMONES. Michelle estimated as 50 in 8/2014.",NULL,NULL,NULL,NULL,NULL
2290,90,"14:56:00","HECR",NULL,NULL,NULL,"MRS",NULL,6,NULL,"TONS OF ANEMONES. Michelle estimated as 50 in 8/2014.",NULL,NULL,NULL,NULL,NULL
2288,90,"14:56:00","HECR",NULL,NULL,NULL,"MRS",NULL,6,NULL,"TONS OF ANEMONES. Michelle estimated as 50 in 8/2014.",NULL,NULL,NULL,NULL,NULL
2286,90,"14:56:00","HECR",NULL,NULL,NULL,"MRS",NULL,6,NULL,"TONS OF ANEMONES. Michelle estimated as 50 in 8/2014.",NULL,NULL,NULL,NULL,NULL
2282,90,"14:56:00","HECR",NULL,NULL,NULL,"MRS",NULL,6,NULL,"TONS OF ANEMONES. Michelle estimated as 50 in 8/2014.",NULL,NULL,NULL,NULL,NULL
2280,90,"14:56:00","HECR",NULL,NULL,NULL,"MRS",NULL,6,NULL,"TONS OF ANEMONES. Michelle estimated as 50 in 8/2014.",NULL,NULL,NULL,NULL,NULL
2278,90,"14:49:00","HECR",25,NULL,NULL,"MRS",NULL,2,NULL,"NO FISH",NULL,NULL,NULL,NULL,NULL
2276,90,"14:41:00","HECR",15,NULL,NULL,"MRS",NULL,2,NULL,"very fast, couldn't catch",NULL,NULL,NULL,NULL,NULL
2274,90,"14:38:00","HECR",30,NULL,NULL,"MRS",NULL,7,NULL,"NO FISH",NULL,NULL,NULL,NULL,NULL
283,12,"10:04:00","HECR",30,NULL,NULL,"MLP",4.2,NULL,NULL,"#135 had a yellow tail, #137 had orange edges",NULL,NULL,NULL,NULL,NULL
2270,90,"14:27:00","STME",30,NULL,NULL,"MRS",NULL,7,NULL,"NO FISH",NULL,NULL,NULL,NULL,NULL
2268,90,"14:19:00","HECR",30,NULL,NULL,"MRS",NULL,2,NULL,NULL,NULL,NULL,NULL,NULL,NULL
2266,90,"14:09:00","HECR",40,NULL,NULL,"MRS",NULL,6,NULL,NULL,NULL,NULL,NULL,NULL,NULL
2264,89,"12:05:00","HECR",30,NULL,NULL,"MRS",NULL,5,NULL,"COULDN'T CATCH",NULL,NULL,NULL,NULL,NULL
282,12,"10:02:00","HECR",20,NULL,NULL,"MLP",4.4,NULL,NULL,NULL,NULL,NULL,NULL,NULL,NULL
2263,89,"12:02:00","HECR",15,NULL,NULL,"MRS",NULL,5,NULL,NULL,NULL,NULL,NULL,NULL,NULL
5538,212,"14:33:30","HECR",25,NULL,NULL,"JAH",NULL,4,NULL,NULL,NULL,NULL,NULL,NULL,NULL
5532,212,"14:33:30","HECR",30,NULL,NULL,"JAH",NULL,4,NULL,NULL,NULL,NULL,NULL,NULL,NULL
5530,209,"14:32:38","HECR",24,NULL,NULL,"G_S",NULL,4,NULL,NULL,NULL,NULL,NULL,NULL,NULL
5528,209,"14:32:38","HECR",13,NULL,NULL,"G_S",NULL,4,NULL,NULL,NULL,NULL,NULL,NULL,NULL
2247,89,"11:06:00","HECR",30,NULL,NULL,"MRS",NULL,6,NULL,"DIDN'T CATCH",NULL,NULL,NULL,NULL,NULL
280,12,"10:01:00","HECR",30,NULL,NULL,"MLP",4.4,NULL,NULL,NULL,NULL,NULL,NULL,NULL,NULL
5526,209,"14:32:38","HECR",26,NULL,NULL,"G_S",NULL,4,NULL,NULL,NULL,NULL,NULL,NULL,NULL
5524,212,"14:31:12","HECR",20,NULL,NULL,"JAH",NULL,4,NULL,NULL,NULL,NULL,NULL,NULL,NULL
344,15,"10:31:00","HECR",20,NULL,NULL,"MLP",2.2,NULL,NULL,NULL,NULL,NULL,NULL,NULL,NULL
5522,212,"14:31:12","HECR",25,NULL,NULL,"JAH",NULL,4,NULL,NULL,NULL,NULL,NULL,NULL,NULL
7563,322,"11:27:00","HECR",30,NULL,NULL,"MRS",1,NULL,NULL,NULL,NULL,NULL,NULL,NULL,NULL
5520,212,"14:30:04","HECR",20,NULL,NULL,"JAH",NULL,4,NULL,NULL,NULL,NULL,NULL,NULL,NULL
5516,211,"14:28:50","HECR",25,NULL,NULL,"MRS",NULL,4,NULL,NULL,NULL,NULL,NULL,NULL,NULL
5514,212,"14:28:41","HECR",30,NULL,NULL,"JAH",NULL,4,NULL,NULL,NULL,NULL,NULL,NULL,NULL
5512,210,"14:28:00","HECR",30,NULL,NULL,"PHF",NULL,5,NULL,"PHF HAS THIS TAG LISTED AS 525 ALSO BUT IT IS IN A DIFFERENT LOCATION THAT THE OTHER ANEMONE THAT HE REPORTS AS HAVING TAG 525",NULL,NULL,NULL,NULL,NULL
279,12,"09:48:00","ENQD",20,NULL,NULL,"MLP",4.4,NULL,NULL,NULL,NULL,NULL,NULL,NULL,NULL
2239,89,"10:25:00","HECR",24,NULL,NULL,"MRS",NULL,6,NULL,NULL,NULL,NULL,NULL,NULL,NULL
5506,212,"14:27:24","HECR",25,NULL,NULL,"JAH",NULL,4,NULL,NULL,NULL,NULL,NULL,NULL,NULL
86,8,"10:11:00","HECR",20,NULL,NULL,"MLP",5,NULL,NULL,NULL,NULL,NULL,NULL,NULL,NULL
5504,211,"14:27:00","HECR",20,NULL,NULL,"MRS",NULL,4,NULL,NULL,NULL,NULL,NULL,NULL,NULL
2234,89,"10:13:00","HECR",20,NULL,NULL,"MRS",NULL,6,NULL,NULL,NULL,NULL,NULL,NULL,NULL
5500,211,"14:27:00","HECR",20,NULL,NULL,"MRS",NULL,4,NULL,NULL,NULL,NULL,NULL,NULL,NULL
5498,210,"14:25:30","HECR",30,NULL,NULL,"PHF",NULL,7,NULL,NULL,NULL,NULL,NULL,NULL,NULL
7539,322,"11:27:00","HECR",30,NULL,NULL,"MRS",1,NULL,NULL,NULL,NULL,NULL,NULL,NULL,NULL
5496,210,"14:25:30","HECR",25,NULL,NULL,"PHF",NULL,7,NULL,NULL,NULL,NULL,NULL,NULL,NULL
5494,210,"14:25:30","HECR",30,NULL,NULL,"PHF",NULL,5,NULL,NULL,NULL,NULL,NULL,NULL,NULL
2230,89,"09:59:00","HECR",30,NULL,NULL,"MRS",NULL,5,NULL,"ALREADY CUT",NULL,NULL,NULL,NULL,NULL
5488,211,"14:24:00","HECR",25,NULL,NULL,"MRS",NULL,4,NULL,NULL,NULL,NULL,NULL,NULL,NULL
5484,211,"14:24:00","HECR",25,NULL,NULL,"MRS",NULL,4,NULL,NULL,NULL,NULL,NULL,NULL,NULL
341,15,"10:15:00","HECR",30,NULL,NULL,"MLP",2.6,NULL,NULL,NULL,NULL,NULL,NULL,NULL,NULL
7525,322,"10:56:00","HECR",30,NULL,NULL,"MRS",1.4,NULL,NULL,NULL,NULL,NULL,NULL,NULL,NULL
5480,209,"14:23:13","HECR",30,NULL,NULL,"G_S",NULL,5,NULL,NULL,NULL,NULL,NULL,NULL,NULL
277,12,"09:48:00","ENQD",20,NULL,NULL,"MLP",4.4,NULL,NULL,NULL,NULL,NULL,NULL,NULL,NULL
5478,209,"14:23:13","HECR",32,NULL,NULL,"G_S",NULL,5,NULL,NULL,NULL,NULL,NULL,NULL,NULL
5476,209,"14:23:13","HECR",14,NULL,NULL,"G_S",NULL,5,NULL,NULL,NULL,NULL,NULL,NULL,NULL
7517,322,"10:56:00","HECR",30,NULL,NULL,"MRS",1.4,NULL,NULL,NULL,NULL,NULL,NULL,NULL,NULL
5474,211,"14:23:00","HECR",25,NULL,NULL,"MRS",NULL,4,NULL,NULL,NULL,NULL,NULL,NULL,NULL
5472,211,"14:23:00","HECR",25,NULL,NULL,"MRS",NULL,4,NULL,NULL,NULL,NULL,NULL,NULL,NULL
5468,209,"14:21:14","HEMA",9,NULL,NULL,"G_S",NULL,5,NULL,NULL,NULL,NULL,NULL,NULL,NULL
5466,209,"14:21:14","HECR",29,NULL,NULL,"G_S",NULL,5,NULL,NULL,NULL,NULL,NULL,NULL,NULL
5464,210,"14:21:00","HECR",40,NULL,NULL,"PHF",NULL,5,NULL,NULL,NULL,NULL,NULL,NULL,NULL
276,12,"09:41:00","ENQD",20,NULL,NULL,"MLP",4.7,NULL,NULL,"#130 had a yellow tail, #131 had orange edges",NULL,NULL,NULL,NULL,NULL
2215,89,"09:21:00","HECR",30,NULL,NULL,"MRS",NULL,5,NULL,NULL,NULL,NULL,NULL,NULL,NULL
5458,211,"14:19:00","HECR",25,NULL,NULL,"MRS",NULL,4,NULL,NULL,NULL,NULL,NULL,NULL,NULL
5452,209,"14:15:57","HECR",25,NULL,NULL,"G_S",NULL,5,NULL,NULL,NULL,NULL,NULL,NULL,NULL
5450,209,"14:15:57","HECR",29,NULL,NULL,"G_S",NULL,5,NULL,NULL,NULL,NULL,NULL,NULL,NULL
2208,89,"09:00:00","HECR",20,NULL,NULL,"MRS",NULL,5,NULL,"no fish",NULL,NULL,NULL,NULL,NULL
5448,209,"14:15:57","HECR",24,NULL,NULL,"G_S",NULL,5,NULL,NULL,NULL,NULL,NULL,NULL,NULL
275,12,"09:37:00","HECR",15,NULL,NULL,"MLP",4.7,NULL,NULL,NULL,NULL,NULL,NULL,NULL,NULL
2207,89,"08:59:00","HECR",15,NULL,NULL,"MRS",NULL,5,NULL,"fish hid in rock hole, did not see it",NULL,NULL,NULL,NULL,NULL
5444,210,"14:14:00","HECR",20,NULL,NULL,"PHF",NULL,5,NULL,NULL,NULL,NULL,NULL,NULL,NULL
5442,211,"14:14:00","HECR",35,NULL,NULL,"MRS",NULL,6,NULL,NULL,NULL,NULL,NULL,NULL,NULL
85,8,"10:10:00","HECR",25,NULL,NULL,"MLP",5,NULL,NULL,NULL,NULL,NULL,NULL,NULL,NULL
2204,88,"15:30:00","HECR",30,NULL,NULL,"MRS",NULL,5,NULL,NULL,NULL,NULL,NULL,NULL,NULL
5440,212,"14:13:43","HECR",20,NULL,NULL,"JAH",NULL,4,NULL,NULL,NULL,NULL,NULL,NULL,NULL
5378,212,"14:03:20","HECR",30,NULL,NULL,"JAH",NULL,4,NULL,NULL,NULL,NULL,NULL,NULL,NULL
84,8,"10:02:00","HECR",40,NULL,NULL,"MLP",5,NULL,NULL,"#77 has orange-edged tail",NULL,NULL,NULL,NULL,NULL
5350,212,"13:57:47","HECR",20,NULL,NULL,"JAH",NULL,4,NULL,NULL,NULL,NULL,NULL,NULL,NULL
5338,209,"13:57:12","HECR",16,NULL,NULL,"G_S",NULL,5,NULL,NULL,NULL,NULL,NULL,NULL,NULL
5314,211,"13:54:50","HECR",30,NULL,NULL,"MRS",NULL,5,NULL,NULL,NULL,NULL,NULL,NULL,NULL
83,8,"10:01:00","HECR",20,NULL,NULL,"MLP",4,NULL,NULL,NULL,NULL,NULL,NULL,NULL,NULL
5266,209,"13:45:54","HECR",22,NULL,NULL,"G_S",NULL,5,NULL,NULL,NULL,NULL,NULL,NULL,NULL
5254,212,"13:42:06","HECR",20,NULL,NULL,"JAH",NULL,4,NULL,NULL,NULL,NULL,NULL,NULL,NULL
5250,209,"13:42:02","HECR",20,NULL,NULL,"G_S",NULL,5,NULL,NULL,NULL,NULL,NULL,NULL,NULL
82,8,"10:00:00","HECR",30,NULL,NULL,"MLP",4,NULL,NULL,NULL,NULL,NULL,NULL,NULL,NULL
195,10,"14:43:00","HECR",10,NULL,NULL,"MLP",4,NULL,NULL,NULL,NULL,NULL,NULL,NULL,NULL
2618,107,"11:37:00","HECR",30,NULL,NULL,"MRS",NULL,13,NULL,NULL,NULL,NULL,NULL,NULL,NULL
194,10,"14:43:00","HECR",25,NULL,NULL,"MLP",4,NULL,NULL,NULL,NULL,NULL,NULL,NULL,NULL
5190,209,"13:31:22","HECR",20,NULL,NULL,"G_S",NULL,5,NULL,NULL,NULL,NULL,NULL,NULL,NULL
5178,211,"13:28:51","HECR",30,NULL,NULL,"MRS",NULL,5,NULL,NULL,NULL,NULL,NULL,NULL,NULL
2582,101,"12:49:00","HECR",30,NULL,NULL,"MRS",NULL,15,NULL,NULL,NULL,NULL,NULL,NULL,NULL
5162,209,"13:25:05","HECR",23,NULL,NULL,"G_S",NULL,5,NULL,NULL,NULL,NULL,NULL,NULL,NULL
2578,101,"12:47:00","HECR",30,NULL,NULL,"MRS",NULL,15,NULL,NULL,NULL,NULL,NULL,NULL,NULL
5138,212,"13:23:38","HECR",29,NULL,NULL,"JAH",NULL,4,NULL,NULL,NULL,NULL,NULL,NULL,NULL
2300,90,"14:56:00","HECR",NULL,NULL,NULL,"MRS",NULL,6,NULL,"TONS OF ANEMONES. Michelle estimated as 50 in 8/2014.",NULL,NULL,NULL,NULL,NULL
5632,210,"14:58:00","HECR",25,NULL,NULL,"PHF",NULL,5,NULL,NULL,NULL,NULL,NULL,NULL,NULL
3068,144,"09:33:30","ENQD",25,NULL,NULL,"MLP",NULL,15,NULL,NULL,NULL,NULL,NULL,NULL,NULL
3067,144,"09:33:30","ENQD",20,NULL,NULL,"MLP",NULL,15,NULL,NULL,NULL,NULL,NULL,NULL,NULL
5628,209,"14:55:58","HECR",26,NULL,NULL,"G_S",NULL,4,NULL,NULL,NULL,NULL,NULL,NULL,NULL
5626,209,"14:55:58","HECR",25,NULL,NULL,"G_S",NULL,4,NULL,NULL,NULL,NULL,NULL,NULL,NULL
5624,209,"14:55:58","HECR",23,NULL,NULL,"G_S",NULL,4,NULL,NULL,NULL,NULL,NULL,NULL,NULL
3064,145,"09:30:06","HECR",30,NULL,NULL,"JAH",NULL,7,NULL,NULL,NULL,NULL,NULL,NULL,NULL
5622,209,"14:55:58","HECR",20,NULL,NULL,"G_S",NULL,4,NULL,NULL,NULL,NULL,NULL,NULL,NULL
5620,209,"14:55:58","HECR",16,NULL,NULL,"G_S",NULL,4,NULL,NULL,NULL,NULL,NULL,NULL,NULL
3062,145,"09:26:08","HECR",28,NULL,NULL,"JAH",NULL,6,NULL,NULL,NULL,NULL,NULL,NULL,NULL
5618,209,"14:55:58","HECR",24,NULL,NULL,"G_S",NULL,4,NULL,NULL,NULL,NULL,NULL,NULL,NULL
5612,209,"14:53:30","HECR",23,NULL,NULL,"G_S",NULL,4,NULL,NULL,NULL,NULL,NULL,NULL,NULL
3058,141,"15:19:00",NULL,NULL,NULL,NULL,"MLP",NULL,NULL,NULL,"A couple corals. Otherwise just rock.",NULL,NULL,NULL,NULL,NULL
5610,209,"14:53:30","HECR",21,NULL,NULL,"G_S",NULL,4,NULL,NULL,NULL,NULL,NULL,NULL,NULL
5608,209,"14:53:30","HECR",20,NULL,NULL,"G_S",NULL,4,NULL,NULL,NULL,NULL,NULL,NULL,NULL
5606,210,"14:50:45","HECR",30,NULL,NULL,"PHF",NULL,5,NULL,NULL,NULL,NULL,NULL,NULL,NULL
3055,140,"13:22:47",NULL,NULL,NULL,NULL,"JAH",NULL,NULL,NULL,"2 UN NUMBERED ZIPTIES, OURS? NO ANEM",NULL,NULL,NULL,NULL,NULL
381,18,"09:29:00","HECR",30,NULL,NULL,"MLP",2.2,NULL,NULL,NULL,NULL,NULL,NULL,NULL,NULL
5604,209,"14:49:57","HECR",16,NULL,NULL,"G_S",NULL,4,NULL,NULL,NULL,NULL,NULL,NULL,NULL
5602,209,"14:49:57","HECR",30,NULL,NULL,"G_S",NULL,4,NULL,NULL,NULL,NULL,NULL,NULL,NULL
5600,209,"14:49:57","HECR",25,NULL,NULL,"G_S",NULL,4,NULL,NULL,NULL,NULL,NULL,NULL,NULL
3051,138,"13:13:00","HEMA",15,NULL,NULL,"G_S",NULL,4,NULL,NULL,NULL,NULL,NULL,NULL,NULL
5596,209,"14:47:08","HECR",16,NULL,NULL,"G_S",NULL,4,NULL,NULL,NULL,NULL,NULL,NULL,NULL
5594,209,"14:47:08","HECR",26,NULL,NULL,"G_S",NULL,4,NULL,NULL,NULL,NULL,NULL,NULL,NULL
5592,209,"14:47:08","HECR",32,NULL,NULL,"G_S",NULL,4,NULL,NULL,NULL,NULL,NULL,NULL,NULL
5590,209,"14:47:08","HECR",28,NULL,NULL,"G_S",NULL,4,NULL,NULL,NULL,NULL,NULL,NULL,NULL
7631,323,"14:40:00","HECR",30,NULL,NULL,"MRS",1.4,NULL,NULL,NULL,NULL,NULL,NULL,NULL,NULL
380,18,"09:26:00","HECR",50,NULL,NULL,"MLP",3,NULL,NULL,NULL,NULL,NULL,NULL,NULL,NULL
5588,209,"14:47:08","HECR",26,NULL,NULL,"G_S",NULL,4,NULL,NULL,NULL,NULL,NULL,NULL,NULL
5586,209,"14:47:08","HECR",21,NULL,NULL,"G_S",NULL,4,NULL,NULL,NULL,NULL,NULL,NULL,NULL
7627,323,"14:38:00","HECR",30,NULL,NULL,"MRS",1.5,NULL,NULL,NULL,NULL,NULL,NULL,NULL,NULL
5584,209,"14:47:08","HECR",13,NULL,NULL,"G_S",NULL,4,NULL,NULL,NULL,NULL,NULL,NULL,NULL
3043,139,"01:13:00","HECR",30,NULL,NULL,"MRS",NULL,4,NULL,"ALL DACYLUS",NULL,NULL,NULL,NULL,NULL
5580,210,"14:46:00","HECR",15,NULL,NULL,"PHF",NULL,5,NULL,NULL,NULL,NULL,NULL,NULL,NULL
347,16,"11:47:00","HECR",20,NULL,NULL,"MLP",2.1,NULL,NULL,NULL,NULL,NULL,NULL,NULL,NULL
7621,323,"14:38:00","HECR",30,NULL,NULL,"MRS",1.5,NULL,NULL,NULL,NULL,NULL,NULL,NULL,NULL
5578,209,"14:45:01","HECR",18,NULL,NULL,"G_S",NULL,4,NULL,NULL,NULL,NULL,NULL,NULL,NULL
5576,209,"14:45:01","HECR",19,NULL,NULL,"G_S",NULL,4,NULL,NULL,NULL,NULL,NULL,NULL,NULL
5574,210,"14:45:00","HECR",30,NULL,NULL,"PHF",NULL,8,NULL,NULL,NULL,NULL,NULL,NULL,NULL
379,18,"09:26:00","HECR",50,NULL,NULL,"MLP",3,NULL,NULL,NULL,NULL,NULL,NULL,NULL,NULL
3039,134,"11:10:00","HECR",23,NULL,NULL,"G_S",NULL,3,NULL,NULL,NULL,NULL,NULL,NULL,NULL
5570,212,"14:42:20","HECR",20,NULL,NULL,"JAH",NULL,4,NULL,NULL,NULL,NULL,NULL,NULL,NULL
87,8,"10:11:00","HECR",30,NULL,NULL,"MLP",5,NULL,NULL,NULL,NULL,NULL,NULL,NULL,NULL
5568,212,"14:42:20","HECR",25,NULL,NULL,"JAH",NULL,4,NULL,NULL,NULL,NULL,NULL,NULL,NULL
5564,209,"14:40:35","HECR",24,NULL,NULL,"G_S",NULL,4,NULL,NULL,NULL,NULL,NULL,NULL,NULL
5562,209,"14:40:35","HECR",17,NULL,NULL,"G_S",NULL,4,NULL,NULL,NULL,NULL,NULL,NULL,NULL
5560,209,"14:40:35","HECR",31,NULL,NULL,"G_S",NULL,4,NULL,NULL,NULL,NULL,NULL,NULL,NULL
5558,210,"14:40:00","HECR",50,NULL,NULL,"PHF",NULL,8,NULL,NULL,NULL,NULL,NULL,NULL,NULL
378,18,"09:25:00","HECR",50,NULL,NULL,"MLP",3,NULL,NULL,NULL,NULL,NULL,NULL,NULL,NULL
5556,209,"14:38:08","HECR",24,NULL,NULL,"G_S",NULL,4,NULL,NULL,NULL,NULL,NULL,NULL,NULL
5554,209,"14:38:08","HECR",22,NULL,NULL,"G_S",NULL,4,NULL,NULL,NULL,NULL,NULL,NULL,NULL
5552,209,"14:38:08","HECR",26,NULL,NULL,"G_S",NULL,4,NULL,NULL,NULL,NULL,NULL,NULL,NULL
5548,209,"14:38:08","HECR",24,NULL,NULL,"G_S",NULL,4,NULL,NULL,NULL,NULL,NULL,NULL,NULL
5544,209,"14:35:45","HECR",30,NULL,NULL,"G_S",NULL,4,NULL,NULL,NULL,NULL,NULL,NULL,NULL
5542,209,"14:35:45","HECR",18,NULL,NULL,"G_S",NULL,4,NULL,NULL,NULL,NULL,NULL,NULL,NULL
3023,132,"15:59:30","????",NULL,NULL,NULL,"MRS",NULL,NULL,NULL,NULL,NULL,NULL,NULL,NULL,NULL
377,18,"09:24:00","HECR",30,NULL,NULL,"MLP",3,NULL,NULL,NULL,NULL,NULL,NULL,NULL,NULL
5540,212,"14:33:30","HECR",25,NULL,NULL,"JAH",NULL,4,NULL,NULL,NULL,NULL,NULL,NULL,NULL
5482,211,"14:24:00","HECR",25,NULL,NULL,"MRS",NULL,4,NULL,NULL,NULL,NULL,NULL,NULL,NULL
2738,121,"15:38:00","HECR",30,NULL,NULL,"MRS",NULL,5,NULL,NULL,NULL,NULL,NULL,NULL,NULL
5410,212,"14:08:12","HECR",20,NULL,NULL,"JAH",NULL,4,NULL,NULL,NULL,NULL,NULL,NULL,NULL
2844,128,"14:24:00","MADO",30,NULL,NULL,"MRS",NULL,7,NULL,NULL,NULL,NULL,NULL,NULL,NULL
272,12,"09:24:00","HECR",20,NULL,NULL,"MLP",2.1,NULL,NULL,NULL,NULL,NULL,NULL,NULL,NULL
294,13,"11:58:00","ENQD",15,NULL,NULL,"MLP",4.8,NULL,NULL,NULL,NULL,NULL,NULL,NULL,NULL
292,13,"11:48:00","HECR",40,NULL,NULL,"MLP",4.4,NULL,NULL,"#154 had a yellow tail. Missed 2-3 other fish of unknown size, but may have caught them on 11:58 ENQD",NULL,NULL,NULL,NULL,NULL
2314,90,"14:56:00","HECR",NULL,NULL,NULL,"MRS",NULL,6,NULL,"TONS OF ANEMONES. Michelle estimated as 50 in 8/2014.",NULL,NULL,NULL,NULL,NULL
278,12,"09:48:00","ENQD",30,NULL,NULL,"MLP",4.4,NULL,NULL,"In a 0.5m block of rubble. #132 was orange-edged tail, #133 and #134 were yellow.",NULL,NULL,NULL,NULL,NULL
309,14,"14:25:00","HECR",40,NULL,NULL,"MLP",4.2,NULL,NULL,NULL,NULL,NULL,NULL,NULL,NULL
2503,95,"12:23:00","HECR",30,NULL,NULL,"MRS",NULL,7,NULL,NULL,NULL,NULL,NULL,NULL,NULL
2506,95,"12:29:00","HECR",30,NULL,NULL,"MRS",NULL,7,NULL,NULL,NULL,NULL,NULL,NULL,NULL
2507,95,"12:30:00","HECR",30,NULL,NULL,"MRS",NULL,7,NULL,NULL,NULL,NULL,NULL,NULL,NULL
2515,95,"13:27:00","ENQD",30,NULL,NULL,"MRS",NULL,18,NULL,NULL,NULL,NULL,NULL,NULL,NULL
2519,95,"13:59:00",NULL,NULL,NULL,NULL,"MRS",NULL,NULL,NULL,NULL,NULL,NULL,NULL,NULL,NULL
2520,95,"14:01:00","HECR",30,NULL,NULL,"MRS",NULL,10,NULL,NULL,NULL,NULL,NULL,NULL,NULL
2527,95,"14:22:00",NULL,NULL,NULL,NULL,"MRS",NULL,NULL,NULL,"2ND TRANSECT",NULL,NULL,NULL,NULL,NULL
2531,98,"08:45:00",NULL,NULL,NULL,NULL,"MRS",NULL,NULL,NULL,"reef like structure",NULL,NULL,NULL,NULL,NULL
2538,98,"09:11:00",NULL,NULL,NULL,NULL,"MRS",NULL,NULL,NULL,"tree stump",NULL,NULL,NULL,NULL,NULL
2539,98,"09:24:00",NULL,NULL,NULL,NULL,"MRS",NULL,NULL,NULL,"turning around",NULL,NULL,NULL,NULL,NULL
2544,99,"12:37:00","HECR",30,NULL,NULL,"MRS",NULL,20,NULL,NULL,NULL,NULL,NULL,NULL,NULL
2546,99,"12:40:00","HECR",25,NULL,NULL,"MRS",NULL,16,NULL,NULL,NULL,NULL,NULL,NULL,NULL
2552,100,"08:18:00","HECR",30,NULL,NULL,"MRS",NULL,16,NULL,NULL,NULL,NULL,NULL,NULL,NULL
2550,100,"08:10:00","HECR",40,NULL,NULL,"MRS",NULL,12,NULL,NULL,NULL,NULL,NULL,NULL,NULL
2554,100,"08:26:00","HECR",30,NULL,NULL,"MRS",NULL,16,NULL,NULL,NULL,NULL,NULL,NULL,NULL
2556,100,"08:43:00","MADO",5,NULL,NULL,"MRS",NULL,16,NULL,"AT THE STRANGE ROOT/ROCK PILE",NULL,NULL,NULL,NULL,NULL
5183,212,"13:29:18","HECR",30,NULL,NULL,"JAH",NULL,4,NULL,NULL,NULL,NULL,NULL,NULL,NULL
2620,107,"11:40:00","HECR",30,NULL,NULL,"MRS",NULL,13,NULL,NULL,NULL,NULL,NULL,NULL,NULL
7425,321,"14:39:00","HECR",20,NULL,NULL,"MRS",2.2,NULL,NULL,NULL,NULL,NULL,NULL,NULL,NULL
966,40,"11:31:45","HECR",20,NULL,NULL,"MLP",NULL,12,NULL,NULL,NULL,NULL,NULL,NULL,NULL
969,40,"11:35:49","HECR",30,NULL,NULL,"MLP",NULL,12,NULL,NULL,NULL,NULL,NULL,NULL,NULL
972,40,"11:35:49","HECR",20,NULL,NULL,"MLP",NULL,11,NULL,NULL,NULL,NULL,NULL,NULL,NULL
979,40,"11:42:35","HECR",40,NULL,NULL,"MLP",NULL,10,NULL,NULL,NULL,NULL,NULL,NULL,NULL
7833,331,"10:13:00","ENQD",30,NULL,NULL,"MRS",6.6,NULL,NULL,NULL,NULL,NULL,NULL,NULL,NULL
990,40,"11:52:52","HECR",60,NULL,NULL,"MLP",NULL,10,NULL,NULL,NULL,NULL,NULL,NULL,NULL
998,40,"12:06:26","HECR",10,NULL,NULL,"MLP",NULL,10,NULL,NULL,NULL,NULL,NULL,NULL,NULL
2972,132,"15:03:00","HECR",30,NULL,NULL,"MRS",NULL,4,NULL,NULL,NULL,NULL,NULL,NULL,NULL
372,18,"08:57:00","HECR",60,NULL,NULL,"MLP",2.8,NULL,NULL,NULL,NULL,NULL,NULL,NULL,NULL
2983,132,"15:18:00","HECR",20,NULL,NULL,"MRS",NULL,6,NULL,NULL,NULL,NULL,NULL,NULL,NULL
8013,337,"10:19:00","HEAR",15,NULL,NULL,"MRS",3.6,NULL,NULL,NULL,NULL,NULL,NULL,NULL,NULL
2990,131,"15:26:10","HECR",20,NULL,NULL,"JAH",NULL,6,NULL,NULL,NULL,NULL,NULL,NULL,NULL
3016,132,"15:55:00","HECR",35,NULL,NULL,"MRS",NULL,9,NULL,NULL,NULL,NULL,NULL,NULL,NULL
376,18,"09:23:00","HECR",30,NULL,NULL,"MLP",3,NULL,NULL,NULL,NULL,NULL,NULL,NULL,NULL
1057,40,"12:15:15","HECR",20,NULL,NULL,"MLP",NULL,13,NULL,NULL,NULL,NULL,NULL,NULL,NULL
264,12,"09:07:00","HECR",30,NULL,NULL,"MLP",2.6,NULL,NULL,NULL,NULL,NULL,NULL,NULL,NULL
268,12,"09:15:00","HECR",15,NULL,NULL,"MLP",2.6,NULL,NULL,NULL,NULL,NULL,NULL,NULL,NULL
2155,87,"10:04:00","HECR",40,NULL,NULL,"MRS",NULL,6,NULL,NULL,NULL,NULL,NULL,NULL,NULL
269,12,"09:17:00","HECR",30,NULL,NULL,"MLP",2.1,NULL,NULL,NULL,NULL,NULL,NULL,NULL,NULL
1592,60,"14:02:50","HECR",30,NULL,NULL,"MLP",NULL,NULL,NULL,NULL,NULL,NULL,NULL,NULL,NULL
270,12,"09:22:00","HECR",20,NULL,NULL,"MLP",2.1,NULL,NULL,NULL,NULL,NULL,NULL,NULL,NULL
2167,87,"11:05:00","HECR",15,NULL,NULL,"MRS",NULL,10,NULL,NULL,NULL,NULL,NULL,NULL,NULL
1602,60,"14:26:45","HECR",30,NULL,NULL,"MLP",NULL,NULL,NULL,NULL,NULL,NULL,NULL,NULL,NULL
1604,60,"14:35:30","HECR",30,NULL,NULL,"MLP",NULL,NULL,NULL,NULL,NULL,NULL,NULL,NULL,NULL
2187,88,"14:20:00","HECR",30,NULL,NULL,"MRS",NULL,7,NULL,NULL,NULL,NULL,NULL,NULL,NULL
1613,60,"14:46:09","HECR",40,NULL,NULL,"MLP",NULL,NULL,NULL,NULL,NULL,NULL,NULL,NULL,NULL
1622,61,"16:24:30","HECR",30,NULL,NULL,"MLP",NULL,NULL,NULL,"now on the reef",NULL,NULL,NULL,NULL,NULL
141,9,"12:57:00","HECR",15,NULL,NULL,"MLP",5,NULL,NULL,NULL,NULL,NULL,NULL,NULL,NULL
1636,61,"16:31:30","HECR",25,NULL,NULL,"MLP",NULL,NULL,NULL,NULL,NULL,NULL,NULL,NULL,NULL
1637,61,"16:31:30","HECR",20,NULL,NULL,"MLP",NULL,NULL,NULL,NULL,NULL,NULL,NULL,NULL,NULL
1638,61,"16:31:30","HECR",15,NULL,NULL,"MLP",NULL,NULL,NULL,NULL,NULL,NULL,NULL,NULL,NULL
2283,90,"14:56:00","HECR",NULL,NULL,NULL,"MRS",NULL,6,NULL,"TONS OF ANEMONES. Michelle estimated as 50 in 8/2014.",NULL,NULL,NULL,NULL,NULL
2299,90,"14:56:00","HECR",NULL,NULL,NULL,"MRS",NULL,6,NULL,"TONS OF ANEMONES. Michelle estimated as 50 in 8/2014.",NULL,NULL,NULL,NULL,NULL
2315,90,"14:56:00","HECR",NULL,NULL,NULL,"MRS",NULL,6,NULL,"TONS OF ANEMONES. Michelle estimated as 50 in 8/2014.",NULL,NULL,NULL,NULL,NULL
7369,318,"11:26:00","HECR",30,NULL,NULL,"MRS",1.9,NULL,NULL,NULL,NULL,NULL,NULL,NULL,NULL
334,15,"09:45:00","HECR",25,NULL,NULL,"MLP",2.5,NULL,NULL,NULL,NULL,NULL,NULL,NULL,NULL
7511,322,"10:56:00","HECR",30,NULL,NULL,"MRS",1.4,NULL,NULL,NULL,NULL,NULL,NULL,NULL,NULL
7623,323,"14:38:00","HECR",30,NULL,NULL,"MRS",1.5,NULL,NULL,NULL,NULL,NULL,NULL,NULL,NULL
371,18,"08:57:00","HECR",30,NULL,NULL,"MLP",2.4,NULL,NULL,NULL,NULL,NULL,NULL,NULL,NULL
1003,40,"12:10:52","HECR",40,NULL,NULL,"MLP",NULL,10,NULL,NULL,NULL,NULL,NULL,NULL,NULL
8063,339,"10:21:00","HECR",30,NULL,NULL,"MRS",2.9,NULL,NULL,NULL,NULL,NULL,NULL,NULL,NULL
8075,339,"10:33:00","HECR",30,NULL,NULL,"MRS",2.9,NULL,NULL,NULL,NULL,NULL,NULL,NULL,NULL
1014,40,"12:11:34","HECR",30,NULL,NULL,"MLP",NULL,11,NULL,NULL,NULL,NULL,NULL,NULL,NULL
1016,40,"12:11:34","HECR",20,NULL,NULL,"MLP",NULL,11,NULL,NULL,NULL,NULL,NULL,NULL,NULL
1019,40,"12:11:34","HECR",20,NULL,NULL,"MLP",NULL,11,NULL,NULL,NULL,NULL,NULL,NULL,NULL
1020,40,"12:11:34","HECR",30,NULL,NULL,"MLP",NULL,11,NULL,NULL,NULL,NULL,NULL,NULL,NULL
1021,40,"12:11:34","HECR",15,NULL,NULL,"MLP",NULL,11,NULL,NULL,NULL,NULL,NULL,NULL,NULL
1022,40,"12:11:34","HECR",30,NULL,NULL,"MLP",NULL,11,NULL,NULL,NULL,NULL,NULL,NULL,NULL
1023,40,"12:11:34","HECR",15,NULL,NULL,"MLP",NULL,11,NULL,NULL,NULL,NULL,NULL,NULL,NULL
1542,59,"11:52:52","HECR",25,NULL,NULL,"MLP",NULL,NULL,NULL,NULL,NULL,NULL,NULL,NULL,NULL
5155,209,"13:25:05","HECR",17,NULL,NULL,"G_S",NULL,5,NULL,NULL,NULL,NULL,NULL,NULL,NULL
28,4,"15:12:00","ENQD",60,NULL,NULL,"MLP",3.9,NULL,NULL,NULL,NULL,NULL,NULL,NULL,NULL
1799,72,"15:52:00","HEAR",15,NULL,NULL,"MRS",NULL,6,NULL,NULL,NULL,NULL,NULL,NULL,NULL
1035,40,"12:13:22","HECR",30,NULL,NULL,"MLP",NULL,12,NULL,"These are just approximated: I counted 30 total",NULL,NULL,NULL,NULL,NULL
1545,59,"11:54:54","HECR",10,NULL,NULL,"MLP",NULL,NULL,NULL,NULL,NULL,NULL,NULL,NULL,NULL
1800,72,"15:55:00","HECR",5,NULL,NULL,"MRS",NULL,6,NULL,NULL,NULL,NULL,NULL,NULL,NULL
5159,209,"13:25:05","HECR",19,NULL,NULL,"G_S",NULL,5,NULL,NULL,NULL,NULL,NULL,NULL,NULL
1036,40,"12:13:22","HECR",30,NULL,NULL,"MLP",NULL,12,NULL,"These are just approximated: I counted 30 total",NULL,NULL,NULL,NULL,NULL
5161,209,"13:25:05","HECR",19,NULL,NULL,"G_S",NULL,5,NULL,NULL,NULL,NULL,NULL,NULL,NULL
645,23,"11:15:00","????",NULL,NULL,NULL,"MLP",NULL,15,NULL,"Changed Col from YE to Y to simplify tail color codes (MRS 7/17/17)",NULL,NULL,NULL,NULL,NULL
1802,72,"16:07:00","STME",NULL,NULL,NULL,"MRS",NULL,6,NULL,NULL,NULL,NULL,NULL,NULL,NULL
5167,212,"13:27:04","HECR",20,NULL,NULL,"JAH",NULL,4,NULL,NULL,NULL,NULL,NULL,NULL,NULL
1038,40,"12:13:22","HECR",30,NULL,NULL,"MLP",NULL,12,NULL,"These are just approximated: I counted 30 total",NULL,NULL,NULL,NULL,NULL
1551,59,"12:03:45","HECR",20,NULL,NULL,"MLP",NULL,NULL,NULL,NULL,NULL,NULL,NULL,NULL,NULL
1042,40,"12:13:22","HECR",30,NULL,NULL,"MLP",NULL,12,NULL,"These are just approximated: I counted 30 total",NULL,NULL,NULL,NULL,NULL
5191,209,"13:31:22","HECR",30,NULL,NULL,"G_S",NULL,5,NULL,NULL,NULL,NULL,NULL,NULL,NULL
1808,72,"16:41:00","HECR",15,NULL,NULL,"MRS",NULL,2,NULL,"Did not install anem tag by accident.",NULL,NULL,NULL,NULL,NULL
1044,40,"12:13:22","HECR",30,NULL,NULL,"MLP",NULL,12,NULL,"These are just approximated: I counted 30 total",NULL,NULL,NULL,NULL,NULL
1825,73,"10:04:00","HECR",30,NULL,NULL,"MLP",NULL,15,NULL,NULL,NULL,NULL,NULL,NULL,NULL
5259,210,"13:45:00","HECR",30,NULL,NULL,"PHF",NULL,5,NULL,NULL,NULL,NULL,NULL,NULL,NULL
5385,209,"14:04:44","HECR",12,NULL,NULL,"G_S",NULL,5,NULL,NULL,NULL,NULL,NULL,NULL,NULL
5395,210,"14:06:30","HECR",25,NULL,NULL,"PHF",NULL,5,NULL,NULL,NULL,NULL,NULL,NULL,NULL
1095,41,"13:48:30","HECR",30,NULL,NULL,"MLP",NULL,12,NULL,"These are just approximated: I counted 33 total from this location. Many with APPE.",NULL,NULL,NULL,NULL,NULL
5401,209,"14:07:13","HECR",30,NULL,NULL,"G_S",NULL,5,NULL,NULL,NULL,NULL,NULL,NULL,NULL
675,25,"10:59:00","HECR",30,NULL,NULL,"MLP",NULL,8,NULL,NULL,NULL,NULL,NULL,NULL,NULL
1861,75,"15:13:00","HECR",20,NULL,NULL,"MLP",NULL,10,NULL,NULL,NULL,NULL,NULL,NULL,NULL
5403,209,"14:07:13","HECR",22,NULL,NULL,"G_S",NULL,5,NULL,NULL,NULL,NULL,NULL,NULL,NULL
5407,210,"14:08:00","HECR",30,NULL,NULL,"PHF",NULL,5,NULL,NULL,NULL,NULL,NULL,NULL,NULL
5417,212,"14:10:21","HECR",25,NULL,NULL,"JAH",NULL,4,NULL,NULL,NULL,NULL,NULL,NULL,NULL
5419,210,"14:10:30","HECR",25,NULL,NULL,"PHF",NULL,5,NULL,NULL,NULL,NULL,NULL,NULL,NULL
1865,75,"15:31:00","HECR",20,NULL,NULL,"MLP",NULL,12,NULL,NULL,NULL,NULL,NULL,NULL,NULL
5421,210,"14:11:30","HECR",30,NULL,NULL,"PHF",NULL,5,NULL,NULL,NULL,NULL,NULL,NULL,NULL
233,10,"15:30:00","HECR",20,NULL,NULL,"MLP",2.6,NULL,NULL,NULL,NULL,NULL,NULL,NULL,NULL
5429,209,"14:11:47","HECR",16,NULL,NULL,"G_S",NULL,5,NULL,NULL,NULL,NULL,NULL,NULL,NULL
1869,75,"15:48:00","HECR",40,NULL,NULL,"MLP",NULL,12,NULL,NULL,NULL,NULL,NULL,NULL,NULL
5435,211,"14:12:00","HECR",25,NULL,NULL,"MRS",NULL,4,NULL,NULL,NULL,NULL,NULL,NULL,NULL
1105,41,"14:12:20","HECR",30,NULL,NULL,"MLP",NULL,12,NULL,"These are just approximated: I counted 20 total from this location. One quarter with APPE.",NULL,NULL,NULL,NULL,NULL
5439,212,"14:13:43","HECR",15,NULL,NULL,"JAH",NULL,4,NULL,NULL,NULL,NULL,NULL,NULL,NULL
1106,41,"14:12:20","HECR",30,NULL,NULL,"MLP",NULL,12,NULL,"These are just approximated: I counted 20 total from this location. One quarter with APPE.",NULL,NULL,NULL,NULL,NULL
5443,211,"14:14:00","HECR",35,NULL,NULL,"MRS",NULL,6,NULL,NULL,NULL,NULL,NULL,NULL,NULL
1107,41,"14:12:20","HECR",30,NULL,NULL,"MLP",NULL,12,NULL,"These are just approximated: I counted 20 total from this location. One quarter with APPE.",NULL,NULL,NULL,NULL,NULL
5445,210,"14:15:00","HECR",25,NULL,NULL,"PHF",NULL,5,NULL,NULL,NULL,NULL,NULL,NULL,NULL
5455,209,"14:15:57","HECR",18,NULL,NULL,"G_S",NULL,5,NULL,NULL,NULL,NULL,NULL,NULL,NULL
1874,75,"16:02:00","HECR",30,NULL,NULL,"MLP",NULL,11,NULL,NULL,NULL,NULL,NULL,NULL,NULL
1110,41,"14:12:20","HECR",30,NULL,NULL,"MLP",NULL,12,NULL,"These are just approximated: I counted 20 total from this location. One quarter with APPE.",NULL,NULL,NULL,NULL,NULL
234,10,"15:30:00","HECR",20,NULL,NULL,"MLP",2.6,NULL,NULL,NULL,NULL,NULL,NULL,NULL,NULL
5461,212,"14:20:58","HECR",25,NULL,NULL,"JAH",NULL,4,NULL,NULL,NULL,NULL,NULL,NULL,NULL
1876,76,"09:23:00","ENQD",5,NULL,NULL,"MRS",NULL,NULL,NULL,NULL,NULL,NULL,NULL,NULL,NULL
5463,210,"14:21:00","HECR",30,NULL,NULL,"PHF",NULL,5,NULL,NULL,NULL,NULL,NULL,NULL,NULL
1112,41,"14:12:20","HECR",30,NULL,NULL,"MLP",NULL,11,NULL,"These are just approximated: I counted 20 total from this location. One quarter with APPE.",NULL,NULL,NULL,NULL,NULL
1113,41,"14:12:20","HECR",30,NULL,NULL,"MLP",NULL,11,NULL,"These are just approximated: I counted 20 total from this location. One quarter with APPE.",NULL,NULL,NULL,NULL,NULL
5469,209,"14:21:14","HECR",14,NULL,NULL,"G_S",NULL,5,NULL,NULL,NULL,NULL,NULL,NULL,NULL
5479,209,"14:23:13","HECR",10,NULL,NULL,"G_S",NULL,5,NULL,NULL,NULL,NULL,NULL,NULL,NULL
1880,76,"09:34:00","STME",30,NULL,NULL,"MRS",NULL,NULL,NULL,NULL,NULL,NULL,NULL,NULL,NULL
1116,41,"14:12:20","HECR",30,NULL,NULL,"MLP",NULL,11,NULL,"These are just approximated: I counted 20 total from this location. One quarter with APPE.",NULL,NULL,NULL,NULL,NULL
5481,211,"14:24:00","HECR",25,NULL,NULL,"MRS",NULL,4,NULL,NULL,NULL,NULL,NULL,NULL,NULL
685,25,"11:41:45","HECR",20,NULL,NULL,"MLP",NULL,8,NULL,NULL,NULL,NULL,NULL,NULL,NULL
5493,209,"14:25:29","HECR",27,NULL,NULL,"G_S",NULL,5,NULL,NULL,NULL,NULL,NULL,NULL,NULL
235,10,"15:30:00","HECR",25,NULL,NULL,"MLP",2.6,NULL,NULL,NULL,NULL,NULL,NULL,NULL,NULL
1884,76,"09:50:00","HECR",30,NULL,NULL,"MRS",NULL,NULL,NULL,NULL,NULL,NULL,NULL,NULL,NULL
5495,210,"14:25:30","HECR",25,NULL,NULL,"PHF",NULL,6,NULL,NULL,NULL,NULL,NULL,NULL,NULL
1120,41,"14:12:20","HECR",30,NULL,NULL,"MLP",NULL,11,NULL,"These are just approximated: I counted 20 total from this location. One quarter with APPE.",NULL,NULL,NULL,NULL,NULL
5499,211,"14:27:00","HECR",20,NULL,NULL,"MRS",NULL,4,NULL,NULL,NULL,NULL,NULL,NULL,NULL
5507,212,"14:27:24","HECR",30,NULL,NULL,"JAH",NULL,4,NULL,NULL,NULL,NULL,NULL,NULL,NULL
1887,76,"10:01:00","HECR",10,NULL,NULL,"MRS",NULL,NULL,NULL,"didn't catch",NULL,NULL,NULL,NULL,NULL
5509,211,"14:28:00","HECR",25,NULL,NULL,"MRS",NULL,4,NULL,NULL,NULL,NULL,NULL,NULL,NULL
5511,211,"14:28:00","HECR",25,NULL,NULL,"MRS",NULL,4,NULL,NULL,NULL,NULL,NULL,NULL,NULL
5513,212,"14:28:41","HECR",20,NULL,NULL,"JAH",NULL,4,NULL,NULL,NULL,NULL,NULL,NULL,NULL
689,25,"11:45:30","HECR",20,NULL,NULL,"MLP",NULL,8,NULL,NULL,NULL,NULL,NULL,NULL,NULL
236,10,"15:30:00","HECR",30,NULL,NULL,"MLP",2.5,NULL,NULL,"Yellow, rounded tail",NULL,NULL,NULL,NULL,NULL
1893,76,"10:29:00","HECR",40,NULL,NULL,"MRS",NULL,NULL,NULL,NULL,NULL,NULL,NULL,NULL,NULL
1894,76,"10:30:00","ENQD",30,NULL,NULL,"MRS",NULL,NULL,NULL,NULL,NULL,NULL,NULL,NULL,NULL
5535,212,"14:33:30","HECR",20,NULL,NULL,"JAH",NULL,4,NULL,NULL,NULL,NULL,NULL,NULL,NULL
1130,41,"14:43:45","HECR",30,NULL,NULL,"MLP",NULL,11,NULL,"These are just approximated: I counted 25 total from this location. One quarter with APPE.",NULL,NULL,NULL,NULL,NULL
5539,212,"14:33:30","HECR",15,NULL,NULL,"JAH",NULL,4,NULL,NULL,NULL,NULL,NULL,NULL,NULL
1131,41,"14:43:45","HECR",30,NULL,NULL,"MLP",NULL,11,NULL,"These are just approximated: I counted 25 total from this location. One quarter with APPE.",NULL,NULL,NULL,NULL,NULL
5541,209,"14:35:45","HECR",18,NULL,NULL,"G_S",NULL,4,NULL,NULL,NULL,NULL,NULL,NULL,NULL
5545,209,"14:35:45","HECR",25,NULL,NULL,"G_S",NULL,4,NULL,NULL,NULL,NULL,NULL,NULL,NULL
1645,61,"16:36:00","HECR",30,NULL,NULL,"MLP",NULL,NULL,NULL,NULL,NULL,NULL,NULL,NULL,NULL
237,10,"15:30:00","HECR",50,NULL,NULL,"MLP",2.5,NULL,NULL,NULL,NULL,NULL,NULL,NULL,NULL
5557,210,"14:39:00","HECR",50,NULL,NULL,"PHF",NULL,6,NULL,NULL,NULL,NULL,NULL,NULL,NULL
1901,76,"10:55:00","ENQD",30,NULL,NULL,"MRS",NULL,NULL,NULL,NULL,NULL,NULL,NULL,NULL,NULL
5563,209,"14:40:35","HECR",16,NULL,NULL,"G_S",NULL,4,NULL,NULL,NULL,NULL,NULL,NULL,NULL
1137,41,"14:43:45","HECR",30,NULL,NULL,"MLP",NULL,11,NULL,"These are just approximated: I counted 25 total from this location. One quarter with APPE.",NULL,NULL,NULL,NULL,NULL
5571,212,"14:42:20","HECR",25,NULL,NULL,"JAH",NULL,4,NULL,NULL,NULL,NULL,NULL,NULL,NULL
1139,41,"14:43:45","HECR",30,NULL,NULL,"MLP",NULL,11,NULL,"These are just approximated: I counted 25 total from this location. One quarter with APPE.",NULL,NULL,NULL,NULL,NULL
1650,61,"16:36:00","HECR",30,NULL,NULL,"MLP",NULL,NULL,NULL,NULL,NULL,NULL,NULL,NULL,NULL
5581,209,"14:46:20","HECR",28,NULL,NULL,"G_S",NULL,4,NULL,NULL,NULL,NULL,NULL,NULL,NULL
5583,209,"14:47:08","HECR",25,NULL,NULL,"G_S",NULL,4,NULL,NULL,NULL,NULL,NULL,NULL,NULL
1906,76,"11:24:00","HECR",30,NULL,NULL,"MRS",NULL,NULL,NULL,NULL,NULL,NULL,NULL,NULL,NULL
1142,41,"14:43:45","HECR",30,NULL,NULL,"MLP",NULL,11,NULL,"These are just approximated: I counted 25 total from this location. One quarter with APPE.",NULL,NULL,NULL,NULL,NULL
5589,209,"14:47:08","HECR",32,NULL,NULL,"G_S",NULL,4,NULL,NULL,NULL,NULL,NULL,NULL,NULL
238,10,"15:30:00","HECR",40,NULL,NULL,"MLP",2.5,NULL,NULL,NULL,NULL,NULL,NULL,NULL,NULL
5595,209,"14:47:08","HECR",25,NULL,NULL,"G_S",NULL,4,NULL,NULL,NULL,NULL,NULL,NULL,NULL
1909,76,"11:33:00","HECR",30,NULL,NULL,"MRS",NULL,NULL,NULL,NULL,NULL,NULL,NULL,NULL,NULL
1145,41,"14:43:45","HECR",30,NULL,NULL,"MLP",NULL,11,NULL,"These are just approximated: I counted 25 total from this location. One quarter with APPE.",NULL,NULL,NULL,NULL,NULL
5599,209,"14:49:57","HECR",24,NULL,NULL,"G_S",NULL,4,NULL,NULL,NULL,NULL,NULL,NULL,NULL
1146,41,"14:43:45","HECR",30,NULL,NULL,"MLP",NULL,11,NULL,"These are just approximated: I counted 25 total from this location. One quarter with APPE.",NULL,NULL,NULL,NULL,NULL
5605,209,"14:49:57","HECR",23,NULL,NULL,"G_S",NULL,4,NULL,NULL,NULL,NULL,NULL,NULL,NULL
5607,210,"14:50:45","HECR",10,NULL,NULL,"PHF",NULL,5,NULL,NULL,NULL,NULL,NULL,NULL,NULL
1912,76,"11:52:00","HECR",30,NULL,NULL,"MRS",NULL,NULL,NULL,NULL,NULL,NULL,NULL,NULL,NULL
1148,41,"14:43:45","HECR",30,NULL,NULL,"MLP",NULL,11,NULL,"These are just approximated: I counted 25 total from this location. One quarter with APPE.",NULL,NULL,NULL,NULL,NULL
5609,209,"14:53:30","HECR",21,NULL,NULL,"G_S",NULL,4,NULL,NULL,NULL,NULL,NULL,NULL,NULL
1914,76,"12:03:00","HECR",30,NULL,NULL,"MRS",NULL,11,NULL,NULL,NULL,NULL,NULL,NULL,NULL
5615,209,"14:53:30","HECR",23,NULL,NULL,"G_S",NULL,4,NULL,NULL,NULL,NULL,NULL,NULL,NULL
1150,41,"14:43:45","HECR",30,NULL,NULL,"MLP",NULL,11,NULL,"These are just approximated: I counted 25 total from this location. One quarter with APPE.",NULL,NULL,NULL,NULL,NULL
1660,61,"16:36:00","HECR",30,NULL,NULL,"MLP",NULL,NULL,NULL,NULL,NULL,NULL,NULL,NULL,NULL
1661,61,"16:36:00","HECR",30,NULL,NULL,"MLP",NULL,NULL,NULL,NULL,NULL,NULL,NULL,NULL,NULL
239,10,"15:30:00","HECR",30,NULL,NULL,"MLP",2.5,NULL,NULL,NULL,NULL,NULL,NULL,NULL,NULL
5621,209,"14:55:58","HECR",28,NULL,NULL,"G_S",NULL,4,NULL,NULL,NULL,NULL,NULL,NULL,NULL
5623,209,"14:55:58","HECR",15,NULL,NULL,"G_S",NULL,4,NULL,NULL,NULL,NULL,NULL,NULL,NULL
1152,41,"14:43:45","HECR",30,NULL,NULL,"MLP",NULL,11,NULL,"These are just approximated: I counted 25 total from this location. One quarter with APPE.",NULL,NULL,NULL,NULL,NULL
1662,61,"16:36:00","HECR",30,NULL,NULL,"MLP",NULL,NULL,NULL,NULL,NULL,NULL,NULL,NULL,NULL
5625,209,"14:55:58","HECR",27,NULL,NULL,"G_S",NULL,4,NULL,NULL,NULL,NULL,NULL,NULL,NULL
703,26,"13:58:15","HECR",15,NULL,NULL,"MLP",NULL,3,NULL,NULL,NULL,NULL,NULL,NULL,NULL
5629,209,"14:55:58","HECR",18,NULL,NULL,"G_S",NULL,4,NULL,NULL,NULL,NULL,NULL,NULL,NULL
5635,209,"15:00:10","HECR",24,NULL,NULL,"G_S",NULL,4,NULL,NULL,NULL,NULL,NULL,NULL,NULL
11,3,"11:24:00","ENQD",40,NULL,NULL,"MLP",NULL,NULL,NULL,NULL,NULL,NULL,NULL,NULL,NULL
1919,77,"14:02:00","HECR",30,NULL,NULL,"MRS",NULL,12,NULL,NULL,NULL,NULL,NULL,NULL,NULL
1920,77,"14:10:00","ENQD",30,NULL,NULL,"MRS",NULL,20,NULL,NULL,NULL,NULL,NULL,NULL,NULL
5639,209,"15:01:33","HECR",26,NULL,NULL,"G_S",NULL,4,NULL,NULL,NULL,NULL,NULL,NULL,NULL
1156,41,"14:52:30","HECR",30,NULL,NULL,"MLP",NULL,11,NULL,"These are just approximated: I counted 17 total from this location. One quarter with APPE.",NULL,NULL,NULL,NULL,NULL
1666,61,"16:44:20","HECR",30,NULL,NULL,"MLP",NULL,NULL,NULL,NULL,NULL,NULL,NULL,NULL,NULL
1667,61,"16:44:20","HECR",30,NULL,NULL,"MLP",NULL,NULL,NULL,NULL,NULL,NULL,NULL,NULL,NULL
208,10,"14:57:00","HECR",30,NULL,NULL,"MLP",3.6,NULL,NULL,NULL,NULL,NULL,NULL,NULL,NULL
1668,61,"16:44:20","HECR",30,NULL,NULL,"MLP",NULL,NULL,NULL,NULL,NULL,NULL,NULL,NULL,NULL
1670,61,"16:44:20","HECR",30,NULL,NULL,"MLP",NULL,NULL,NULL,NULL,NULL,NULL,NULL,NULL,NULL
1671,61,"16:44:20","HECR",30,NULL,NULL,"MLP",NULL,NULL,NULL,NULL,NULL,NULL,NULL,NULL,NULL
26,4,"15:01:00","HECR",25,NULL,NULL,"MLP",4.6,NULL,NULL,NULL,NULL,NULL,NULL,NULL,NULL
1674,61,"16:44:20","HECR",30,NULL,NULL,"MLP",NULL,NULL,NULL,NULL,NULL,NULL,NULL,NULL,NULL
5673,238,"09:04:55","????",NULL,NULL,NULL,"MRS",NULL,10,NULL,NULL,NULL,NULL,NULL,NULL,NULL
5679,238,"09:40:00",NULL,NULL,NULL,NULL,"MRS",NULL,NULL,NULL,"DATA LOGGER #1",NULL,NULL,NULL,NULL,NULL
1166,41,"14:52:30","HECR",30,NULL,NULL,"MLP",NULL,11,NULL,"These are just approximated: I counted 17 total from this location. One quarter with APPE.",NULL,NULL,NULL,NULL,NULL
5687,240,"10:55:00",NULL,NULL,NULL,NULL,"MRS",NULL,NULL,NULL,"REEF BEGINS AGAIN AFTER SAND PATCH",NULL,NULL,NULL,NULL,NULL
1932,78,"15:40:00","HECR",20,NULL,NULL,"MRS",NULL,10,127,"no fish but against anem sample ID 137",NULL,NULL,NULL,NULL,NULL
1168,41,"14:52:30","HECR",30,NULL,NULL,"MLP",NULL,11,NULL,"These are just approximated: I counted 17 total from this location. One quarter with APPE.",NULL,NULL,NULL,NULL,NULL
1678,61,"16:44:20","HECR",30,NULL,NULL,"MLP",NULL,NULL,NULL,NULL,NULL,NULL,NULL,NULL,NULL
1933,78,"15:41:00","HECR",20,NULL,NULL,"MRS",NULL,10,127,NULL,NULL,NULL,NULL,NULL,NULL
5691,242,"10:27:18","HECR",40,NULL,NULL,"G_S",NULL,5,NULL,NULL,NULL,NULL,NULL,NULL,NULL
1169,41,"14:52:30","HECR",30,NULL,NULL,"MLP",NULL,11,NULL,"These are just approximated: I counted 17 total from this location. One quarter with APPE.",NULL,NULL,NULL,NULL,NULL
5693,242,"10:27:18","HECR",27,NULL,NULL,"G_S",NULL,5,NULL,NULL,NULL,NULL,NULL,NULL,NULL
5699,241,"10:28:00","HECR",30,NULL,NULL,"MRS",NULL,3,NULL,NULL,NULL,NULL,NULL,NULL,NULL
1935,78,"15:48:00","HECR",15,NULL,NULL,"MRS",NULL,10,NULL,NULL,NULL,NULL,NULL,NULL,NULL
1171,41,"14:52:30","HECR",30,NULL,NULL,"MLP",NULL,11,NULL,"These are just approximated: I counted 17 total from this location. One quarter with APPE.",NULL,NULL,NULL,NULL,NULL
5701,241,"10:28:00","HECR",20,NULL,NULL,"MRS",NULL,3,NULL,NULL,NULL,NULL,NULL,NULL,NULL
5703,241,"10:28:00","HECR",25,NULL,NULL,"MRS",NULL,3,NULL,NULL,NULL,NULL,NULL,NULL,NULL
1172,41,"14:52:30","HECR",30,NULL,NULL,"MLP",NULL,11,NULL,"These are just approximated: I counted 17 total from this location. One quarter with APPE.",NULL,NULL,NULL,NULL,NULL
1937,78,"15:53:00","HECR",30,NULL,NULL,"MRS",NULL,10,NULL,NULL,NULL,NULL,NULL,NULL,NULL
5707,241,"10:29:31","HECR",25,NULL,NULL,"MRS",NULL,3,NULL,NULL,NULL,NULL,NULL,NULL,NULL
147,9,"13:00:00","HECR",50,NULL,NULL,"MLP",5,NULL,NULL,NULL,NULL,NULL,NULL,NULL,NULL
5709,241,"10:29:31","HECR",25,NULL,NULL,"MRS",NULL,3,NULL,NULL,NULL,NULL,NULL,NULL,NULL
210,10,"14:57:00","HECR",30,NULL,NULL,"MLP",3.6,NULL,NULL,NULL,NULL,NULL,NULL,NULL,NULL
5711,241,"10:31:06","HECR",25,NULL,NULL,"MRS",NULL,3,NULL,NULL,NULL,NULL,NULL,NULL,NULL
1938,78,"15:54:00","HECR",20,NULL,NULL,"MRS",NULL,10,NULL,NULL,NULL,NULL,NULL,NULL,NULL
1684,61,"16:55:00","HECR",15,NULL,NULL,"MLP",NULL,NULL,NULL,NULL,NULL,NULL,NULL,NULL,NULL
5721,242,"10:34:28","HECR",30,NULL,NULL,"G_S",NULL,5,NULL,NULL,NULL,NULL,NULL,NULL,NULL
1943,78,"16:07:00","HECR",40,NULL,NULL,"MRS",NULL,10,NULL,NULL,NULL,NULL,NULL,NULL,NULL
5731,242,"10:37:10","HECR",30,NULL,NULL,"G_S",NULL,5,NULL,NULL,NULL,NULL,NULL,NULL,NULL
1179,42,"08:49:07","HECR",50,NULL,NULL,"MLP",NULL,NULL,NULL,NULL,NULL,NULL,NULL,NULL,NULL
5733,242,"10:37:10","HECR",18,NULL,NULL,"G_S",NULL,5,NULL,NULL,NULL,NULL,NULL,NULL,NULL
5737,242,"10:39:55","HECR",30,NULL,NULL,"G_S",NULL,5,NULL,NULL,NULL,NULL,NULL,NULL,NULL
5747,242,"10:42:30","HECR",22,NULL,NULL,"G_S",NULL,7,NULL,NULL,NULL,NULL,NULL,NULL,NULL
243,10,"15:33:00","HECR",20,NULL,NULL,"MLP",2.5,NULL,NULL,NULL,NULL,NULL,NULL,NULL,NULL
5749,241,"10:46:03","HECR",25,NULL,NULL,"MRS",NULL,3,NULL,NULL,NULL,NULL,NULL,NULL,NULL
1949,78,"16:22:00","HECR",20,NULL,NULL,"MRS",NULL,10,NULL,NULL,NULL,NULL,NULL,NULL,NULL
5755,241,"10:47:09","HECR",15,NULL,NULL,"MRS",NULL,3,NULL,NULL,NULL,NULL,NULL,NULL,NULL
1185,42,"09:03:34","HECR",40,NULL,NULL,"MLP",NULL,NULL,NULL,NULL,NULL,NULL,NULL,NULL,NULL
5765,241,"10:49:17","HECR",20,NULL,NULL,"MRS",NULL,3,NULL,NULL,NULL,NULL,NULL,NULL,NULL
5773,242,"10:49:36","HECR",18,NULL,NULL,"G_S",NULL,7,NULL,NULL,NULL,NULL,NULL,NULL,NULL
5797,242,"10:56:35","HECR",18,NULL,NULL,"G_S",NULL,7,NULL,NULL,NULL,NULL,NULL,NULL,NULL
1960,78,"16:45:00","HECR",30,NULL,NULL,"MRS",NULL,3,NULL,NULL,NULL,NULL,NULL,NULL,NULL
5799,241,"10:59:20","HECR",30,NULL,NULL,"MRS",NULL,3,NULL,NULL,NULL,NULL,NULL,NULL,NULL
5803,241,"10:59:20","HECR",30,NULL,NULL,"MRS",NULL,3,NULL,NULL,NULL,NULL,NULL,NULL,NULL
1961,78,"16:49:00","HECR",30,NULL,NULL,"MRS",NULL,3,NULL,NULL,NULL,NULL,NULL,NULL,NULL
5807,242,"11:00:28","HECR",26,NULL,NULL,"G_S",NULL,5,NULL,NULL,NULL,NULL,NULL,NULL,NULL
1962,78,"16:50:00","ENQD",15,NULL,NULL,"MRS",NULL,3,NULL,NULL,NULL,NULL,NULL,NULL,NULL
1198,42,"09:33:25","HECR",20,NULL,NULL,"MLP",NULL,NULL,NULL,NULL,NULL,NULL,NULL,NULL,NULL
245,10,"15:33:00","HECR",20,NULL,NULL,"MLP",2.5,NULL,NULL,NULL,NULL,NULL,NULL,NULL,NULL
5813,241,"11:01:35","HECR",30,NULL,NULL,"MRS",NULL,3,NULL,NULL,NULL,NULL,NULL,NULL,NULL
5815,241,"11:01:35","HECR",30,NULL,NULL,"MRS",NULL,3,NULL,NULL,NULL,NULL,NULL,NULL,NULL
1964,78,"16:52:00","HECR",15,NULL,NULL,"MRS",NULL,3,NULL,NULL,NULL,NULL,NULL,NULL,NULL
1200,42,"09:38:55","HECR",60,NULL,NULL,"MLP",NULL,NULL,NULL,NULL,NULL,NULL,NULL,NULL,NULL
5823,241,"11:03:27","HECR",30,NULL,NULL,"MRS",NULL,3,NULL,NULL,NULL,NULL,NULL,NULL,NULL
1202,42,"09:40:27","HECR",25,NULL,NULL,"MLP",NULL,NULL,NULL,NULL,NULL,NULL,NULL,NULL,NULL
1971,78,"17:13:00","HECR",30,NULL,NULL,"MRS",NULL,6,NULL,NULL,NULL,NULL,NULL,NULL,NULL
5843,241,"11:11:10","HECR",30,NULL,NULL,"MRS",NULL,3,NULL,NULL,NULL,NULL,NULL,NULL,NULL
1207,42,"09:48:30","HECR",30,NULL,NULL,"MLP",NULL,NULL,NULL,NULL,NULL,NULL,NULL,NULL,NULL
246,10,"15:38:00","HECR",50,NULL,NULL,"MLP",2.5,NULL,NULL,NULL,NULL,NULL,NULL,NULL,NULL
5845,241,"11:11:10","HECR",30,NULL,NULL,"MRS",NULL,3,NULL,NULL,NULL,NULL,NULL,NULL,NULL
5851,241,"11:11:10","HECR",30,NULL,NULL,"MRS",NULL,3,NULL,NULL,NULL,NULL,NULL,NULL,NULL
1973,78,"17:19:00","HECR",40,NULL,NULL,"MRS",NULL,6,NULL,NULL,NULL,NULL,NULL,NULL,NULL
1976,79,"09:08:00","HECR",50,NULL,NULL,"MRS",NULL,14,NULL,NULL,NULL,NULL,NULL,NULL,NULL
5865,241,"11:14:10","HECR",25,NULL,NULL,"MRS",NULL,3,NULL,NULL,NULL,NULL,NULL,NULL,NULL
733,27,"10:13:30","HECR",20,NULL,NULL,"MLP",NULL,13,NULL,NULL,NULL,NULL,NULL,NULL,NULL
1978,79,"09:09:00","HECR",30,NULL,NULL,"MRS",NULL,14,NULL,NULL,NULL,NULL,NULL,NULL,NULL
5871,241,"11:14:50","HECR",30,NULL,NULL,"MRS",NULL,3,NULL,NULL,NULL,NULL,NULL,NULL,NULL
1214,42,"10:15:15","ENQD",20,NULL,NULL,"MLP",NULL,NULL,NULL,NULL,NULL,NULL,NULL,NULL,NULL
5879,242,"11:16:07","HECR",28,NULL,NULL,"G_S",NULL,5,NULL,NULL,NULL,NULL,NULL,NULL,NULL
1980,79,"09:10:00","HECR",20,NULL,NULL,"MRS",NULL,14,NULL,NULL,NULL,NULL,NULL,NULL,NULL
1981,79,"09:10:00","HECR",15,NULL,NULL,"MRS",NULL,14,NULL,NULL,NULL,NULL,NULL,NULL,NULL
5883,242,"11:16:07","HECR",27,NULL,NULL,"G_S",NULL,5,NULL,NULL,NULL,NULL,NULL,NULL,NULL
5899,242,"11:22:56","HECR",26,NULL,NULL,"G_S",NULL,5,NULL,NULL,NULL,NULL,NULL,NULL,NULL
1985,79,"09:18:00","HECR",30,NULL,NULL,"MRS",NULL,14,NULL,NULL,NULL,NULL,NULL,NULL,NULL
153,10,"14:15:00","HECR",30,NULL,NULL,"MLP",4,NULL,NULL,NULL,NULL,NULL,NULL,NULL,NULL
5901,242,"11:22:56","HECR",30,NULL,NULL,"G_S",NULL,5,NULL,NULL,NULL,NULL,NULL,NULL,NULL
1990,79,"09:30:00","HECR",30,NULL,NULL,"MRS",NULL,14,NULL,NULL,NULL,NULL,NULL,NULL,NULL
1226,43,"12:09:30","HECR",50,NULL,NULL,"MLP",NULL,NULL,NULL,NULL,NULL,NULL,NULL,NULL,NULL
5925,242,"11:30:07","HECR",20,NULL,NULL,"G_S",NULL,5,NULL,NULL,NULL,NULL,NULL,NULL,NULL
5931,241,"11:31:46","HECR",35,NULL,NULL,"MRS",NULL,3,NULL,NULL,NULL,NULL,NULL,NULL,NULL
1998,79,"10:01:00","HECR",5,NULL,NULL,"MRS",NULL,14,NULL,NULL,NULL,NULL,NULL,NULL,NULL
5951,241,"11:40:41","HECR",30,NULL,NULL,"MRS",NULL,3,NULL,NULL,NULL,NULL,NULL,NULL,NULL
439,21,"09:32:00","HECR",40,NULL,NULL,"MLP",3,NULL,NULL,NULL,NULL,NULL,NULL,NULL,NULL
443,21,"09:32:00","HECR",40,NULL,NULL,"MLP",3,NULL,NULL,NULL,NULL,NULL,NULL,NULL,NULL
7,2,"09:14:00","????",NULL,NULL,NULL,"MLP",NULL,NULL,NULL,NULL,NULL,NULL,NULL,NULL,NULL
456,21,"09:38:00","HECR",20,NULL,NULL,"MLP",3,NULL,NULL,NULL,NULL,NULL,NULL,NULL,NULL
477,21,"09:44:00","HECR",20,NULL,NULL,"MLP",3.1,NULL,NULL,NULL,NULL,NULL,NULL,NULL,NULL
481,21,"09:44:00","HECR",30,NULL,NULL,"MLP",3.1,NULL,NULL,NULL,NULL,NULL,NULL,NULL,NULL
486,21,"09:45:00","HECR",15,NULL,NULL,"MLP",2.5,NULL,NULL,NULL,NULL,NULL,NULL,NULL,NULL
487,21,"09:45:00","HECR",20,NULL,NULL,"MLP",2.5,NULL,NULL,NULL,NULL,NULL,NULL,NULL,NULL
501,21,"09:56:00","HECR",15,NULL,NULL,"MLP",2.5,NULL,NULL,NULL,NULL,NULL,NULL,NULL,NULL
502,21,"09:56:00","HECR",20,NULL,NULL,"MLP",2.5,NULL,NULL,NULL,NULL,NULL,NULL,NULL,NULL
503,21,"09:56:00","HECR",15,NULL,NULL,"MLP",2.5,NULL,NULL,NULL,NULL,NULL,NULL,NULL,NULL
508,21,"09:56:00","HECR",20,NULL,NULL,"MLP",2.5,NULL,NULL,NULL,NULL,NULL,NULL,NULL,NULL
1686,61,"16:55:00","HECR",15,NULL,NULL,"MLP",NULL,NULL,NULL,NULL,NULL,NULL,NULL,NULL,NULL
1687,61,"16:55:00","HECR",15,NULL,NULL,"MLP",NULL,NULL,NULL,NULL,NULL,NULL,NULL,NULL,NULL
1688,61,"16:55:00","HECR",15,NULL,NULL,"MLP",NULL,NULL,NULL,NULL,NULL,NULL,NULL,NULL,NULL
1689,61,"16:55:00","HECR",15,NULL,NULL,"MLP",NULL,NULL,NULL,NULL,NULL,NULL,NULL,NULL,NULL
1691,61,"16:55:00","HECR",15,NULL,NULL,"MLP",NULL,NULL,NULL,NULL,NULL,NULL,NULL,NULL,NULL
211,10,"14:57:00","HECR",20,NULL,NULL,"MLP",3.6,NULL,NULL,NULL,NULL,NULL,NULL,NULL,NULL
1707,61,"17:01:00","HECR",30,NULL,NULL,"MLP",NULL,NULL,NULL,NULL,NULL,NULL,NULL,NULL,NULL
1708,61,"17:01:00","HECR",30,NULL,NULL,"MLP",NULL,NULL,NULL,NULL,NULL,NULL,NULL,NULL,NULL
1709,61,"17:01:00","HECR",30,NULL,NULL,"MLP",NULL,NULL,NULL,NULL,NULL,NULL,NULL,NULL,NULL
1711,61,"17:01:00","HECR",30,NULL,NULL,"MLP",NULL,NULL,NULL,NULL,NULL,NULL,NULL,NULL,NULL
1713,61,"17:01:00","HECR",30,NULL,NULL,"MLP",NULL,NULL,NULL,NULL,NULL,NULL,NULL,NULL,NULL
1716,62,"10:34:00",NULL,NULL,NULL,NULL,"MLP",NULL,NULL,NULL,"This may be the old location of Visca 1 temperature logger. Removed rebar. Logger was lost.",NULL,NULL,NULL,NULL,NULL
1717,62,"10:38:00",NULL,NULL,NULL,NULL,"MLP",NULL,NULL,NULL,"Artificial reef?",NULL,NULL,NULL,NULL,NULL
1720,62,"11:07:15","ENQD",NULL,NULL,NULL,"MLP",NULL,NULL,NULL,NULL,NULL,NULL,NULL,NULL,NULL
1721,62,"11:15:30","ENQD",50,NULL,NULL,"MLP",NULL,NULL,NULL,NULL,NULL,NULL,NULL,NULL,NULL
1733,65,"09:35:00","HEMA",20,NULL,NULL,"MLP",NULL,5,NULL,NULL,NULL,NULL,NULL,NULL,NULL
27,4,"15:11:00","HEMG",60,NULL,NULL,"MLP",3.5,NULL,NULL,NULL,NULL,NULL,NULL,NULL,NULL
1735,65,"09:42:00","HECR",25,NULL,NULL,"MLP",NULL,6,NULL,NULL,NULL,NULL,NULL,NULL,NULL
218,10,"15:05:00","HECR",20,NULL,NULL,"MLP",3.6,NULL,NULL,NULL,NULL,NULL,NULL,NULL,NULL
1753,68,"11:50:00","HECR",40,NULL,NULL,"MRS",NULL,NULL,NULL,NULL,NULL,NULL,NULL,NULL,NULL
1758,68,"11:56:00","ENQD",80,NULL,NULL,"MRS",NULL,NULL,NULL,NULL,NULL,NULL,NULL,NULL,NULL
1761,68,"12:07:00","HECR",25,NULL,NULL,"MRS",NULL,NULL,NULL,NULL,NULL,NULL,NULL,NULL,NULL
220,10,"15:08:00","HECR",30,NULL,NULL,"MLP",3.6,NULL,NULL,NULL,NULL,NULL,NULL,NULL,NULL
1764,68,"12:20:00","HECR",40,NULL,NULL,"MRS",NULL,NULL,NULL,NULL,NULL,NULL,NULL,NULL,NULL
1765,68,"12:21:00","HECR",40,NULL,NULL,"MRS",NULL,NULL,NULL,NULL,NULL,NULL,NULL,NULL,NULL
1781,71,"11:45:00","HEAR",20,NULL,NULL,"MLP",NULL,21,NULL,NULL,NULL,NULL,NULL,NULL,NULL
1786,71,"12:25:00","ENQD",15,NULL,NULL,"MLP",NULL,12,NULL,NULL,NULL,NULL,NULL,NULL,NULL
391,19,"11:37:00","HECR",30,NULL,NULL,"MLP",3.2,NULL,NULL,NULL,NULL,NULL,NULL,NULL,NULL
722,27,"09:36:45","HECR",40,NULL,NULL,"MLP",NULL,11,NULL,NULL,NULL,NULL,NULL,NULL,NULL
5777,241,"10:50:30","HECR",25,NULL,NULL,"MRS",NULL,3,NULL,NULL,NULL,NULL,NULL,NULL,NULL
426,21,"09:24:00","HECR",25,NULL,NULL,"MLP",3,NULL,NULL,NULL,NULL,NULL,NULL,NULL,NULL
431,21,"09:24:00","HECR",7,NULL,NULL,"MLP",3,NULL,NULL,NULL,NULL,NULL,NULL,NULL,NULL
3452,160,"09:34:00","HECR",22,NULL,NULL,"G_S",NULL,2,NULL,NULL,NULL,NULL,NULL,NULL,NULL
247,10,"15:38:00","HECR",25,NULL,NULL,"MLP",2.5,NULL,NULL,NULL,NULL,NULL,NULL,NULL,NULL
2059,81,"09:14:00","HECR",30,NULL,NULL,"MRS",NULL,10,NULL,NULL,NULL,NULL,NULL,NULL,NULL
2067,81,"09:36:00","STME",30,NULL,NULL,"MRS",NULL,11,NULL,"Amphiprion theillei, tentatively identified by Michelle. No picture, unfortunately. Would be wonderful to retun.",NULL,NULL,NULL,NULL,NULL
261,12,"09:05:00","HECR",40,NULL,NULL,"MLP",2,NULL,NULL,NULL,NULL,NULL,NULL,NULL,NULL
6889,289,"14:12:00","MADO",30,NULL,NULL,"MRS",4.9,NULL,NULL,"Anemone was marked HECR or MADO based on field notes today. Decided on MADO since that's what we called #964 last year.",NULL,NULL,NULL,NULL,NULL
864,36,"10:50:45","HECR",35,NULL,NULL,"MLP",NULL,14,NULL,NULL,NULL,NULL,NULL,NULL,NULL
6913,290,"11:26:00","HECR",30,NULL,NULL,"MRS",3.3,NULL,NULL,NULL,NULL,NULL,NULL,NULL,NULL
4875,188,"13:01:00","HECR",30,NULL,NULL,"PHF",NULL,5,NULL,NULL,NULL,NULL,NULL,NULL,NULL
4883,188,"13:11:00","HECR",10,NULL,NULL,"PHF",NULL,5,NULL,NULL,NULL,NULL,NULL,NULL,NULL
4887,188,"13:13:30","HECR",20,NULL,NULL,"PHF",NULL,5,NULL,NULL,NULL,NULL,NULL,NULL,NULL
4895,187,"13:21:07","HECR",23,NULL,NULL,"G_S",NULL,14,NULL,NULL,NULL,NULL,NULL,NULL,NULL
4907,186,"13:42:30","HECR",30,NULL,NULL,"JAH",NULL,8,NULL,NULL,NULL,NULL,NULL,NULL,NULL
4911,186,"13:48:59","HECR",25,NULL,NULL,"JAH",NULL,7,NULL,NULL,NULL,NULL,NULL,NULL,NULL
873,37,"11:59:46","HECR",50,NULL,NULL,"MLP",NULL,15,NULL,NULL,NULL,NULL,NULL,NULL,NULL
874,37,"12:01:00","HECR",20,NULL,NULL,"MLP",NULL,15,NULL,NULL,NULL,NULL,NULL,NULL,NULL
6993,293,"14:30:00","ENQD",30,NULL,NULL,"MRS",2.9,NULL,NULL,NULL,NULL,NULL,NULL,NULL,NULL
4947,187,"14:37:07","HECR",32,NULL,NULL,"G_S",NULL,11,NULL,NULL,NULL,NULL,NULL,NULL,NULL
4959,186,"14:46:15","HECR",20,NULL,NULL,"JAH",NULL,5,NULL,NULL,NULL,NULL,NULL,NULL,NULL
4967,191,"10:15:00",NULL,NULL,NULL,NULL,"MRS",NULL,NULL,NULL,"SNAKE!",NULL,NULL,NULL,NULL,NULL
5011,206,"10:18:30","HECR",30,NULL,NULL,"PHF",NULL,7,NULL,NULL,NULL,NULL,NULL,NULL,NULL
885,37,"12:35:30","HECR",20,NULL,NULL,"MLP",NULL,15,NULL,NULL,NULL,NULL,NULL,NULL,NULL
7081,297,"13:24:00","HECR",35,NULL,NULL,"MRS",1.2,NULL,NULL,NULL,NULL,NULL,NULL,NULL,NULL
5027,209,"12:59:29","HECR",28,NULL,NULL,"G_S",NULL,5,NULL,NULL,NULL,NULL,NULL,NULL,NULL
5039,209,"13:02:32","HECR",23,NULL,NULL,"G_S",NULL,5,NULL,NULL,NULL,NULL,NULL,NULL,NULL
5067,210,"13:06:00","HECR",30,NULL,NULL,"PHF",NULL,6,NULL,NULL,NULL,NULL,NULL,NULL,NULL
5079,209,"13:07:40","HECR",17,NULL,NULL,"G_S",NULL,5,NULL,NULL,NULL,NULL,NULL,NULL,NULL
5095,209,"13:12:45","HECR",19,NULL,NULL,"G_S",NULL,5,NULL,NULL,NULL,NULL,NULL,NULL,NULL
5111,212,"13:15:48","HECR",20,NULL,NULL,"JAH",NULL,4,NULL,NULL,NULL,NULL,NULL,NULL,NULL
5115,212,"13:18:37","HECR",25,NULL,NULL,"JAH",NULL,4,NULL,NULL,NULL,NULL,NULL,NULL,NULL
907,38,"14:44:00","HECR",60,NULL,NULL,"MLP",NULL,13,NULL,NULL,NULL,NULL,NULL,NULL,NULL
7257,305,"12:54:00","HECR",30,NULL,NULL,"MRS",2.9,NULL,NULL,NULL,NULL,NULL,NULL,NULL,NULL
5959,241,"11:42:46","HECR",25,NULL,NULL,"MRS",NULL,3,NULL,NULL,NULL,NULL,NULL,NULL,NULL
5963,241,"11:44:04","HECR",30,NULL,NULL,"MRS",NULL,3,NULL,NULL,NULL,NULL,NULL,NULL,NULL
5971,242,"11:44:07","HECR",26,NULL,NULL,"G_S",NULL,5,NULL,NULL,NULL,NULL,NULL,NULL,NULL
5995,242,"11:46:46","HECR",25,NULL,NULL,"G_S",NULL,4,NULL,NULL,NULL,NULL,NULL,NULL,NULL
6003,242,"11:50:55","HECR",15,NULL,NULL,"G_S",NULL,4,NULL,NULL,NULL,NULL,NULL,NULL,NULL
6007,242,"11:50:55","HECR",28,NULL,NULL,"G_S",NULL,4,NULL,NULL,NULL,NULL,NULL,NULL,NULL
6217,244,"10:19:55","HECR",30,NULL,NULL,"G_S",NULL,5,NULL,NULL,NULL,NULL,NULL,NULL,NULL
6241,246,"11:22:09","ENQD",34,NULL,NULL,"G_S",NULL,18,NULL,NULL,NULL,NULL,NULL,NULL,NULL
781,32,"15:14:00","HEMG",60,NULL,NULL,"MLP",NULL,12,NULL,NULL,NULL,NULL,NULL,NULL,NULL
6265,250,"10:40:00","HECR",35,NULL,NULL,"MRS",3.3,NULL,NULL,NULL,NULL,NULL,NULL,NULL,NULL
6289,250,"11:58:00","HECR",40,NULL,NULL,"MRS",3.6,NULL,NULL,NULL,NULL,NULL,NULL,NULL,NULL
6329,252,"11:28:00","HECR",30,NULL,NULL,"MRS",4.2,NULL,NULL,NULL,NULL,NULL,NULL,NULL,NULL
792,33,"09:35:00","HECR",30,NULL,NULL,"MLP",NULL,15,NULL,NULL,NULL,NULL,NULL,NULL,NULL
794,33,"09:45:45","ENQD",60,NULL,NULL,"MLP",NULL,15,NULL,NULL,NULL,NULL,NULL,NULL,NULL
805,33,"10:28:30","HECR",25,NULL,NULL,"MLP",NULL,15,NULL,NULL,NULL,NULL,NULL,NULL,NULL
810,33,"10:33:00","ENQD",40,NULL,NULL,"MLP",NULL,16,NULL,NULL,NULL,NULL,NULL,NULL,NULL
820,34,"12:20:45","HECR",50,NULL,NULL,"MLP",NULL,8,NULL,NULL,NULL,NULL,NULL,NULL,NULL
822,34,"12:47:30","HECR",40,NULL,NULL,"MLP",NULL,7,NULL,NULL,NULL,NULL,NULL,NULL,NULL
6593,264,"14:59:00","HECR",30,NULL,NULL,"MRS",4,NULL,NULL,NULL,NULL,NULL,NULL,NULL,NULL
6729,276,"15:23:00","ENQD",4,NULL,NULL,"MRS",2.5,NULL,NULL,NULL,NULL,NULL,NULL,NULL,NULL
842,35,"15:36:15","HECR",30,NULL,NULL,"MLP",NULL,5,NULL,NULL,NULL,NULL,NULL,NULL,NULL
6745,277,"10:26:00","ENQD",30,NULL,NULL,"MRS",5.3,NULL,NULL,NULL,NULL,NULL,NULL,NULL,NULL
844,35,"15:41:00","HECR",20,NULL,NULL,"MLP",NULL,5,NULL,NULL,NULL,NULL,NULL,NULL,NULL
845,35,"15:41:00","HECR",40,NULL,NULL,"MLP",NULL,5,NULL,NULL,NULL,NULL,NULL,NULL,NULL
854,36,"10:12:30","HECR",30,NULL,NULL,"MLP",NULL,15,NULL,NULL,NULL,NULL,NULL,NULL,NULL
5433,209,"14:11:47","HECR",23,NULL,NULL,"G_S",NULL,5,NULL,NULL,NULL,NULL,NULL,NULL,NULL
6369,254,"10:12:00","HECR",30,NULL,NULL,"MRS",3.8,NULL,NULL,NULL,NULL,NULL,NULL,NULL,NULL
2257,89,"11:40:00","HECR",30,NULL,NULL,"MRS",NULL,5,NULL,NULL,NULL,NULL,NULL,NULL,NULL
2273,90,"14:37:00","HECR",30,NULL,NULL,"MRS",NULL,7,NULL,"NO FISH",NULL,NULL,NULL,NULL,NULL
6617,267,"14:52:00","????",NULL,NULL,NULL,"MRS",3.7,NULL,NULL,NULL,NULL,NULL,NULL,NULL,NULL
2281,90,"14:56:00","HECR",NULL,NULL,NULL,"MRS",NULL,6,NULL,"TONS OF ANEMONES. Michelle estimated as 50 in 8/2014.",NULL,NULL,NULL,NULL,NULL
36,4,"15:49:00","HECR",20,NULL,NULL,"MLP",NULL,NULL,NULL,NULL,NULL,NULL,NULL,NULL,NULL
2305,90,"14:56:00","HECR",NULL,NULL,NULL,"MRS",NULL,6,NULL,"TONS OF ANEMONES. Michelle estimated as 50 in 8/2014.",NULL,NULL,NULL,NULL,NULL
6673,272,"12:25:00","HECR",15,NULL,NULL,"MRS",7.8,NULL,NULL,NULL,NULL,NULL,NULL,NULL,NULL
2309,90,"14:56:00","HECR",NULL,NULL,NULL,"MRS",NULL,6,NULL,"TONS OF ANEMONES. Michelle estimated as 50 in 8/2014.",NULL,NULL,NULL,NULL,NULL
2313,90,"14:56:00","HECR",NULL,NULL,NULL,"MRS",NULL,6,NULL,"TONS OF ANEMONES. Michelle estimated as 50 in 8/2014.",NULL,NULL,NULL,NULL,NULL
6697,275,"10:52:00","HECR",30,NULL,NULL,"MRS",2.1,NULL,NULL,NULL,NULL,NULL,NULL,NULL,NULL
2325,90,"14:56:00","HECR",NULL,NULL,NULL,"MRS",NULL,6,NULL,"TONS OF ANEMONES. Michelle estimated as 50 in 8/2014.",NULL,NULL,NULL,NULL,NULL
2329,90,"14:56:00","HECR",NULL,NULL,NULL,"MRS",NULL,6,NULL,"TONS OF ANEMONES. Michelle estimated as 50 in 8/2014.",NULL,NULL,NULL,NULL,NULL
2373,91,"08:55:00","HECR",60,NULL,NULL,"MRS",NULL,4,NULL,"NO FISH; ULTRA PURPLE CORAL NEARBY (WORTH SEEING!!); ANEM IS IN A HOLE",NULL,NULL,NULL,NULL,NULL
2377,91,"08:59:00","HECR",30,NULL,NULL,"MRS",NULL,2,NULL,NULL,NULL,NULL,NULL,NULL,NULL
2381,91,"09:16:00","HECR",20,NULL,NULL,"MRS",NULL,9,NULL,NULL,NULL,NULL,NULL,NULL,NULL
2385,91,"09:25:00","HECR",40,NULL,NULL,"MRS",NULL,9,NULL,NULL,NULL,NULL,NULL,NULL,NULL
6881,288,"11:28:00","HECR",20,NULL,NULL,"MRS",3.8,NULL,NULL,NULL,NULL,NULL,NULL,NULL,NULL
2413,91,"10:40:00","HEMA",15,NULL,NULL,"MRS",NULL,6,NULL,"NO FISH",NULL,NULL,NULL,NULL,NULL
6921,290,"12:11:00","????",NULL,NULL,NULL,"MRS",NULL,NULL,NULL,"These 3 fish were swimming around together not near an anemone, I believe 2 of the fish were the fish caught at time point 12:26 anemone",NULL,NULL,NULL,NULL,NULL
6977,293,"12:39:00","HECR",10,NULL,NULL,"MRS",4.1,NULL,NULL,NULL,NULL,NULL,NULL,NULL,NULL
2529,98,"08:41:00","HEAR",5,NULL,NULL,"MRS",NULL,17,NULL,NULL,NULL,NULL,NULL,NULL,NULL
7273,305,"13:37:00","HECR",30,NULL,NULL,"MRS",2.4,NULL,NULL,NULL,NULL,NULL,NULL,NULL,NULL
2609,105,"11:17:00","HECR",15,NULL,NULL,"MRS",NULL,6,NULL,NULL,NULL,NULL,NULL,NULL,NULL
41,5,"10:30:00","HECR",NULL,NULL,NULL,"GS",NULL,NULL,NULL,"Time is VERY approximate. A vague guess long after the fact, given difficulties communicating with Gerry from the surface.",NULL,NULL,NULL,NULL,NULL
2625,107,"11:49:00","ENQD",20,NULL,NULL,"MRS",NULL,15,NULL,NULL,NULL,NULL,NULL,NULL,NULL
7345,316,"11:32:00","HEMA",10,NULL,NULL,"MRS",1.6,NULL,NULL,NULL,NULL,NULL,NULL,NULL,NULL
7433,321,"14:39:00","HECR",20,NULL,NULL,"MRS",2.2,NULL,NULL,NULL,NULL,NULL,NULL,NULL,NULL
7745,328,"09:21:00","HECR",20,NULL,NULL,"MRS",2.3,NULL,NULL,NULL,NULL,NULL,NULL,NULL,NULL
7993,336,"11:42:00","ENQD",20,NULL,NULL,"MRS",3.8,NULL,NULL,NULL,NULL,NULL,NULL,NULL,NULL
148,9,"13:01:00","HECR",30,NULL,NULL,"MLP",5,NULL,NULL,"#97 has orange-edged tail, #98 has yellow tail",NULL,NULL,NULL,NULL,NULL
151,10,"14:15:00","HECR",25,NULL,NULL,"MLP",4,NULL,NULL,NULL,NULL,NULL,NULL,NULL,NULL
152,10,"14:15:00","HECR",30,NULL,NULL,"MLP",4,NULL,NULL,NULL,NULL,NULL,NULL,NULL,NULL
708,26,"14:23:00","HECR",30,NULL,NULL,"MLP",NULL,5,NULL,NULL,NULL,NULL,NULL,NULL,NULL
5665,209,"15:05:20","HECR",28,NULL,NULL,"G_S",NULL,4,NULL,NULL,NULL,NULL,NULL,NULL,NULL
5678,238,"09:37:00","????",NULL,NULL,NULL,"MRS",NULL,10,NULL,"TWO OF THESE FISH COULD BE THE SAME FISH FROM 9:04",NULL,NULL,NULL,NULL,NULL
692,25,"12:07:00","HECR",20,NULL,NULL,"MLP",NULL,8,NULL,NULL,NULL,NULL,NULL,NULL,NULL
5537,212,"14:33:30","HECR",15,NULL,NULL,"JAH",NULL,4,NULL,NULL,NULL,NULL,NULL,NULL,NULL
5550,209,"14:38:08","HECR",23,NULL,NULL,"G_S",NULL,4,NULL,NULL,NULL,NULL,NULL,NULL,NULL
102,8,"10:47:00","HECR",20,NULL,NULL,"MLP",3.8,NULL,NULL,NULL,NULL,NULL,NULL,NULL,NULL
107,8,"10:49:00","HECR",30,NULL,NULL,"MLP",3.8,NULL,NULL,NULL,NULL,NULL,NULL,NULL,NULL
110,9,"11:44:00","HECR",40,NULL,NULL,"MLP",5,NULL,NULL,NULL,NULL,NULL,NULL,NULL,NULL
112,9,"11:45:00","HECR",30,NULL,NULL,"MLP",5,NULL,NULL,NULL,NULL,NULL,NULL,NULL,NULL
114,9,"11:46:00","HECR",40,NULL,NULL,"MLP",5,NULL,NULL,NULL,NULL,NULL,NULL,NULL,NULL
125,9,"12:03:00","HECR",50,NULL,NULL,"MLP",5.5,NULL,NULL,"#88 has oranged-edged tail, #81 has yellow tail",NULL,NULL,NULL,NULL,NULL
99,8,"10:39:00","HECR",30,NULL,NULL,"MLP",3.8,NULL,NULL,"10.1 had orange-edged tail, 11.8 had yellow tail",NULL,NULL,NULL,NULL,NULL
5359,209,"13:59:58","HECR",12,NULL,NULL,"G_S",NULL,5,NULL,NULL,NULL,NULL,NULL,NULL,NULL
1086,41,"13:48:30","HECR",30,NULL,NULL,"MLP",NULL,12,NULL,"These are just approximated: I counted 33 total from this location. Many with APPE.",NULL,NULL,NULL,NULL,NULL
100,8,"10:44:00","HECR",35,NULL,NULL,"MLP",3.8,NULL,NULL,NULL,NULL,NULL,NULL,NULL,NULL
101,8,"10:47:00","HECR",30,NULL,NULL,"MLP",3.8,NULL,NULL,NULL,NULL,NULL,NULL,NULL,NULL
104,8,"10:48:00","HECR",20,NULL,NULL,"MLP",3.8,NULL,NULL,NULL,NULL,NULL,NULL,NULL,NULL
718,27,"09:20:00","HECR",25,NULL,NULL,"MLP",NULL,11,NULL,NULL,NULL,NULL,NULL,NULL,NULL
728,27,"09:54:15","HECR",50,NULL,NULL,"MLP",NULL,11,NULL,NULL,NULL,NULL,NULL,NULL,NULL
429,21,"09:24:00","HECR",30,NULL,NULL,"MLP",3,NULL,NULL,NULL,NULL,NULL,NULL,NULL,NULL
35,4,"15:44:00","HECR",45,NULL,NULL,"MLP",3.4,NULL,NULL,"Appears to have been clipped in a previous year and regrown. Visca2 temperature logger.",NULL,NULL,NULL,NULL,NULL
817,34,"12:02:15","HECR",30,NULL,NULL,"MLP",NULL,9,NULL,NULL,NULL,NULL,NULL,NULL,NULL
801,33,"10:13:00","HECR",15,NULL,NULL,"MLP",NULL,16,NULL,NULL,NULL,NULL,NULL,NULL,NULL
34,4,"15:36:00","HECR",40,NULL,NULL,"MLP",2.9,NULL,NULL,NULL,NULL,NULL,NULL,NULL,NULL
785,32,"15:24:00","ENQD",50,NULL,NULL,"MLP",NULL,12,NULL,NULL,NULL,NULL,NULL,NULL,NULL
33,4,"15:34:00","ENQD",45,NULL,NULL,"MLP",3,NULL,NULL,NULL,NULL,NULL,NULL,NULL,NULL
6142,242,"12:50:50","HECR",24,NULL,NULL,"G_S",NULL,4,NULL,NULL,NULL,NULL,NULL,NULL,NULL
773,31,"13:01:00","HECR",20,NULL,NULL,"MLP",NULL,15,NULL,NULL,NULL,NULL,NULL,NULL,NULL
97,8,"10:38:00","HECR",30,NULL,NULL,"MLP",5,NULL,NULL,NULL,NULL,NULL,NULL,NULL,NULL
96,8,"10:36:00","HECR",15,NULL,NULL,"MLP",5,NULL,NULL,NULL,NULL,NULL,NULL,NULL,NULL
95,8,"10:28:00","HECR",30,NULL,NULL,"MLP",5,NULL,NULL,"10.1 had yellow rounded tail, 8.4 had orange-edged tail",NULL,NULL,NULL,NULL,NULL
750,30,"08:32:45","STHD",40,NULL,NULL,"MLP",NULL,20,NULL,NULL,NULL,NULL,NULL,NULL,NULL
17,3,"12:02:00","ENQD",35,NULL,NULL,"MLP",4.8,NULL,NULL,NULL,NULL,NULL,NULL,NULL,NULL
639,22,"12:39:00","HECR",30,NULL,NULL,"MLP",2.5,NULL,NULL,NULL,NULL,NULL,NULL,NULL,NULL
626,22,"12:11:00","HECR",15,NULL,NULL,"MLP",1,NULL,NULL,NULL,NULL,NULL,NULL,NULL,NULL
622,22,"12:07:00","HECR",10,NULL,NULL,"MLP",1,NULL,NULL,NULL,NULL,NULL,NULL,NULL,NULL
621,22,"12:05:00","HECR",30,NULL,NULL,"MLP",1.8,NULL,NULL,NULL,NULL,NULL,NULL,NULL,NULL
618,22,"11:59:00","HECR",15,NULL,NULL,"MLP",2.4,NULL,NULL,NULL,NULL,NULL,NULL,NULL,NULL
616,22,"11:57:00","HECR",15,NULL,NULL,"MLP",2.4,NULL,NULL,NULL,NULL,NULL,NULL,NULL,NULL
614,22,"11:56:00","HECR",25,NULL,NULL,"MLP",2.5,NULL,NULL,NULL,NULL,NULL,NULL,NULL,NULL
613,22,"11:56:00","HECR",30,NULL,NULL,"MLP",2.5,NULL,NULL,NULL,NULL,NULL,NULL,NULL,NULL
611,22,"11:56:00","HECR",20,NULL,NULL,"MLP",2.5,NULL,NULL,NULL,NULL,NULL,NULL,NULL,NULL
610,22,"11:56:00","HECR",15,NULL,NULL,"MLP",2.5,NULL,NULL,NULL,NULL,NULL,NULL,NULL,NULL
603,22,"11:50:00","HECR",20,NULL,NULL,"MLP",2.5,NULL,NULL,NULL,NULL,NULL,NULL,NULL,NULL
602,22,"11:50:00","HECR",30,NULL,NULL,"MLP",2.5,NULL,NULL,NULL,NULL,NULL,NULL,NULL,NULL
595,22,"11:44:00","HECR",20,NULL,NULL,"MLP",2.5,NULL,NULL,NULL,NULL,NULL,NULL,NULL,NULL
4774,180,"15:38:26","HECR",30,NULL,NULL,"MRS",NULL,5,NULL,NULL,NULL,NULL,NULL,NULL,NULL
74,8,"09:43:00","HECR",25,NULL,NULL,"MLP",3.7,NULL,NULL,NULL,NULL,NULL,NULL,NULL,NULL
588,22,"11:42:00","HECR",15,NULL,NULL,"MLP",2.5,NULL,NULL,NULL,NULL,NULL,NULL,NULL,NULL
65,8,"09:30:00","HECR",30,NULL,NULL,"MLP",4,NULL,NULL,NULL,NULL,NULL,NULL,NULL,NULL
64,8,"09:30:00","HECR",25,NULL,NULL,"MLP",4,NULL,NULL,NULL,NULL,NULL,NULL,NULL,NULL
585,22,"11:42:00","HECR",30,NULL,NULL,"MLP",2.5,NULL,NULL,NULL,NULL,NULL,NULL,NULL,NULL
581,22,"11:42:00","HECR",30,NULL,NULL,"MLP",2.5,NULL,NULL,NULL,NULL,NULL,NULL,NULL,NULL
580,22,"11:42:00","HECR",15,NULL,NULL,"MLP",2.5,NULL,NULL,NULL,NULL,NULL,NULL,NULL,NULL
579,22,"11:42:00","HECR",15,NULL,NULL,"MLP",2.5,NULL,NULL,NULL,NULL,NULL,NULL,NULL,NULL
578,22,"11:42:00","HECR",30,NULL,NULL,"MLP",2.5,NULL,NULL,NULL,NULL,NULL,NULL,NULL,NULL
575,22,"11:42:00","HECR",15,NULL,NULL,"MLP",2.5,NULL,NULL,NULL,NULL,NULL,NULL,NULL,NULL
574,22,"11:39:00","HECR",15,NULL,NULL,"MLP",2.5,NULL,NULL,NULL,NULL,NULL,NULL,NULL,NULL
568,22,"11:35:00","HECR",20,NULL,NULL,"MLP",2.5,NULL,NULL,NULL,NULL,NULL,NULL,NULL,NULL
565,22,"11:29:00","HECR",30,NULL,NULL,"MLP",2.5,NULL,NULL,NULL,NULL,NULL,NULL,NULL,NULL
51,8,"09:10:00","HECR",40,NULL,NULL,"MLP",4,NULL,NULL,NULL,NULL,NULL,NULL,NULL,NULL
540,21,"10:02:00","HECR",30,NULL,NULL,"MLP",2.5,NULL,NULL,NULL,NULL,NULL,NULL,NULL,NULL
536,21,"10:02:00","HECR",30,NULL,NULL,"MLP",2.5,NULL,NULL,NULL,NULL,NULL,NULL,NULL,NULL
534,21,"10:02:00","HECR",50,NULL,NULL,"MLP",2.5,NULL,NULL,NULL,NULL,NULL,NULL,NULL,NULL
4286,173,"10:51:07","HECR",35,NULL,NULL,"JAH",NULL,4,NULL,NULL,NULL,NULL,NULL,NULL,NULL
519,21,"10:02:00","HECR",20,NULL,NULL,"MLP",2.5,NULL,NULL,NULL,NULL,NULL,NULL,NULL,NULL
517,21,"10:02:00","HECR",15,NULL,NULL,"MLP",2.5,NULL,NULL,NULL,NULL,NULL,NULL,NULL,NULL
105,8,"10:48:00","HECR",15,NULL,NULL,"MLP",3.8,NULL,NULL,NULL,NULL,NULL,NULL,NULL,NULL
523,21,"10:02:00","HECR",15,NULL,NULL,"MLP",2.5,NULL,NULL,NULL,NULL,NULL,NULL,NULL,NULL
970,40,"11:35:49","HECR",20,NULL,NULL,"MLP",NULL,12,NULL,NULL,NULL,NULL,NULL,NULL,NULL
840,35,"15:35:45","HECR",40,NULL,NULL,"MLP",NULL,5,NULL,NULL,NULL,NULL,NULL,NULL,NULL
965,40,"11:31:28","HECR",50,NULL,NULL,"MLP",NULL,12,NULL,NULL,NULL,NULL,NULL,NULL,NULL
562,22,"11:29:00","HECR",20,NULL,NULL,"MLP",2.5,NULL,NULL,NULL,NULL,NULL,NULL,NULL,NULL
6534,261,"10:43:00","????",NULL,NULL,NULL,"MRS",2.3,NULL,NULL,NULL,NULL,NULL,NULL,NULL,NULL
58,8,"09:16:00","HECR",30,NULL,NULL,"MLP",4,NULL,NULL,NULL,NULL,NULL,NULL,NULL,NULL
1084,41,"13:48:30","HECR",30,NULL,NULL,"MLP",NULL,12,NULL,"These are just approximated: I counted 33 total from this location. Many with APPE.",NULL,NULL,NULL,NULL,NULL
5337,209,"13:57:12","HECR",28,NULL,NULL,"G_S",NULL,5,NULL,NULL,NULL,NULL,NULL,NULL,NULL
903,38,"14:37:15","HECR",70,NULL,NULL,"MLP",NULL,12,NULL,NULL,NULL,NULL,NULL,NULL,NULL
893,38,"14:18:30","HECR",20,NULL,NULL,"MLP",NULL,11,NULL,NULL,NULL,NULL,NULL,NULL,NULL
109,9,"11:41:00","HECR",30,NULL,NULL,"MLP",5,NULL,NULL,NULL,NULL,NULL,NULL,NULL,NULL
6958,291,"16:13:00","HECR",10,NULL,NULL,"MRS",4,NULL,NULL,NULL,NULL,NULL,NULL,NULL,NULL
108,9,"11:40:00","HECR",40,NULL,NULL,"MLP",5,NULL,NULL,NULL,NULL,NULL,NULL,NULL,NULL
124,9,"12:00:00","HECR",40,NULL,NULL,"MLP",6,NULL,NULL,NULL,NULL,NULL,NULL,NULL,NULL
862,36,"10:36:00","HECR",15,NULL,NULL,"MLP",NULL,15,NULL,NULL,NULL,NULL,NULL,NULL,NULL
123,9,"11:53:00","MADO",30,NULL,NULL,"MLP",6.4,NULL,NULL,"#82 has yellow tail, #89 has orange-edged tail",NULL,NULL,NULL,NULL,NULL
984,40,"11:52:24","HECR",50,NULL,NULL,"MLP",NULL,10,NULL,NULL,NULL,NULL,NULL,NULL,NULL
7342,316,"10:49:00","HECR",15,NULL,NULL,"MRS",1.1,NULL,NULL,"Unreadable old anemone tag",NULL,NULL,NULL,NULL,NULL
3147,149,"12:19:51","HECR",20,NULL,NULL,"JAH",NULL,3,NULL,"eggs, took video",NULL,NULL,NULL,NULL,NULL
5267,209,"13:45:54","HECR",22,NULL,NULL,"G_S",NULL,5,NULL,NULL,NULL,NULL,NULL,NULL,NULL
661,24,"15:34:00","HECR",30,NULL,NULL,"MLP",NULL,11,NULL,NULL,NULL,NULL,NULL,NULL,NULL
5289,210,"13:49:00","HECR",25,NULL,NULL,"PHF",NULL,5,NULL,NULL,NULL,NULL,NULL,NULL,NULL
98,8,"10:38:00","HECR",20,NULL,NULL,"MLP",5,NULL,NULL,NULL,NULL,NULL,NULL,NULL,NULL
528,21,"10:02:00","HECR",20,NULL,NULL,"MLP",2.5,NULL,NULL,NULL,NULL,NULL,NULL,NULL,NULL
122,9,"11:53:00","HECR",20,NULL,NULL,"MLP",5,NULL,NULL,NULL,NULL,NULL,NULL,NULL,NULL
6027,242,"11:56:12","HECR",19,NULL,NULL,"G_S",NULL,4,NULL,NULL,NULL,NULL,NULL,NULL,NULL
812,33,"10:48:15","ENQD",50,NULL,NULL,"MLP",NULL,13,NULL,NULL,NULL,NULL,NULL,NULL,NULL
2221,89,"09:33:00","HECR",15,NULL,NULL,"MRS",NULL,5,NULL,"NO FISH",NULL,NULL,NULL,NULL,NULL
7980,334,"14:53:00","HECR",25,NULL,NULL,"MRS",1.6,NULL,NULL,NULL,NULL,NULL,NULL,NULL,NULL
6835,287,"14:52:00","HEMG",35,NULL,NULL,"MRS",2.4,NULL,NULL,NULL,NULL,NULL,NULL,NULL,NULL
3677,164,"11:24:39","HECR",12,NULL,NULL,"JAH",NULL,5,NULL,NULL,NULL,NULL,NULL,NULL,NULL
7027,295,"13:02:00","HECR",25,NULL,NULL,"MRS",3.4,NULL,NULL,NULL,NULL,NULL,NULL,NULL,NULL
5197,210,"13:32:00","HECR",35,NULL,NULL,"PHF",NULL,6,NULL,NULL,NULL,NULL,NULL,NULL,NULL
3112,146,"10:17:00","ENQD",13,NULL,NULL,"G_S",NULL,18,NULL,NULL,NULL,NULL,NULL,NULL,NULL
1160,41,"14:52:30","HECR",30,NULL,NULL,"MLP",NULL,11,NULL,"These are just approximated: I counted 17 total from this location. One quarter with APPE.",NULL,NULL,NULL,NULL,NULL
6864,288,"10:37:00","HECR",25,NULL,NULL,"MRS",3,NULL,NULL,NULL,NULL,NULL,NULL,NULL,NULL
7806,330,"13:39:00","HECR",20,NULL,NULL,"MRS",1.4,NULL,NULL,NULL,NULL,NULL,NULL,NULL,NULL
4017,167,"15:37:50","HECR",30,NULL,NULL,"MRS",NULL,8,NULL,NULL,NULL,NULL,NULL,NULL,NULL
7404,320,"10:36:00","HECR",30,NULL,NULL,"MRS",1.5,NULL,NULL,NULL,NULL,NULL,NULL,NULL,NULL
4160,170,"09:50:19","????",NULL,NULL,NULL,"MRS",NULL,5,NULL,NULL,NULL,NULL,NULL,NULL,NULL
3482,164,"10:00:37","HECR",25,NULL,NULL,"JAH",NULL,2,NULL,NULL,NULL,NULL,NULL,NULL,NULL
3712,160,"11:37:01","HECR",20,NULL,NULL,"G_S",NULL,2,NULL,NULL,NULL,NULL,NULL,NULL,NULL
7089,297,"13:40:00","HECR",30,NULL,NULL,"MRS",1.8,NULL,NULL,NULL,NULL,NULL,NULL,NULL,NULL
127,9,"12:11:00","ENQD",20,NULL,NULL,"MLP",6,NULL,NULL,"#87 has orange-edged tail with streamers",NULL,NULL,NULL,NULL,NULL
115,9,"11:46:00","HECR",40,NULL,NULL,"MLP",5,NULL,NULL,NULL,NULL,NULL,NULL,NULL,NULL
7362,318,"11:21:00","HECR",30,NULL,NULL,"MRS",1.9,NULL,NULL,NULL,NULL,NULL,NULL,NULL,NULL
5577,209,"14:45:01","HECR",16,NULL,NULL,"G_S",NULL,4,NULL,NULL,NULL,NULL,NULL,NULL,NULL
7812,330,"14:07:00","HECR",25,NULL,NULL,"MRS",1.5,NULL,NULL,NULL,NULL,NULL,NULL,NULL,NULL
1384,49,"10:47:10","HECR",30,NULL,NULL,"MLP",NULL,NULL,NULL,NULL,NULL,NULL,NULL,NULL,NULL
4220,170,"10:14:16","HECR",20,NULL,NULL,"MRS",NULL,4,NULL,NULL,NULL,NULL,NULL,NULL,NULL
7420,321,"14:39:00","HECR",20,NULL,NULL,"MRS",2.2,NULL,NULL,NULL,NULL,NULL,NULL,NULL,NULL
623,22,"12:09:00","HECR",15,NULL,NULL,"MLP",1,NULL,NULL,NULL,NULL,NULL,NULL,NULL,NULL
4985,202,"14:18:49","HECR",23,NULL,NULL,"G_S",NULL,15,NULL,NULL,NULL,NULL,NULL,NULL,NULL
1452,55,"14:30:12","MADO",20,NULL,NULL,"MLP",NULL,NULL,NULL,NULL,NULL,NULL,NULL,NULL,NULL
1304,46,"10:38:30","HECR",15,NULL,NULL,"MLP",NULL,NULL,NULL,NULL,NULL,NULL,NULL,NULL,NULL
5593,209,"14:47:08","HECR",28,NULL,NULL,"G_S",NULL,4,NULL,NULL,NULL,NULL,NULL,NULL,NULL
6074,242,"12:19:25","HECR",33,NULL,NULL,"G_S",NULL,4,NULL,NULL,NULL,NULL,NULL,NULL,NULL
1046,40,"12:13:22","HECR",30,NULL,NULL,"MLP",NULL,12,NULL,"These are just approximated: I counted 30 total",NULL,NULL,NULL,NULL,NULL
6012,241,"11:55:00",NULL,NULL,NULL,NULL,"MRS",NULL,NULL,NULL,"MRS OUT OF AIR",NULL,NULL,NULL,NULL,NULL
7303,310,"14:24:00","HECR",30,NULL,NULL,"MRS",3.7,NULL,NULL,NULL,NULL,NULL,NULL,NULL,NULL
189,10,"14:33:00","HECR",20,NULL,NULL,"MLP",4,NULL,NULL,NULL,NULL,NULL,NULL,NULL,NULL
3074,144,"09:33:30","ENQD",7,NULL,NULL,"MLP",NULL,15,NULL,NULL,NULL,NULL,NULL,NULL,NULL
3422,158,"14:48:41","HECR",31,NULL,NULL,"G_S",NULL,14,NULL,NULL,NULL,NULL,NULL,NULL,NULL
4940,186,"14:26:48","HECR",25,NULL,NULL,"JAH",NULL,7,NULL,NULL,NULL,NULL,NULL,NULL,NULL
4362,170,"11:28:50","HECR",30,NULL,NULL,"MRS",NULL,5,NULL,NULL,NULL,NULL,NULL,NULL,NULL
4548,175,"14:44:50","HECR",32,NULL,NULL,"G_S",NULL,3,NULL,NULL,NULL,NULL,NULL,NULL,NULL
3693,161,"11:31:30","HECR",15,NULL,NULL,"MLP",NULL,6,NULL,NULL,NULL,NULL,NULL,NULL,NULL
3130,146,"10:17:00","ENQD",7,NULL,NULL,"G_S",NULL,18,NULL,NULL,NULL,NULL,NULL,NULL,NULL
6153,242,"13:03:32","HECR",30,NULL,NULL,"G_S",NULL,4,NULL,NULL,NULL,NULL,NULL,NULL,NULL
6166,242,"13:06:58","HECR",29,NULL,NULL,"G_S",NULL,4,NULL,NULL,NULL,NULL,NULL,NULL,NULL
7154,303,"13:54:00","HECR",30,NULL,NULL,"MLP",NULL,7,NULL,NULL,NULL,NULL,NULL,NULL,NULL
608,22,"11:56:00","HECR",20,NULL,NULL,"MLP",2.5,NULL,NULL,NULL,NULL,NULL,NULL,NULL,NULL
4865,188,"12:55:00","HECR",30,NULL,NULL,"PHF",NULL,5,NULL,NULL,NULL,NULL,NULL,NULL,NULL
3467,162,"09:52:47","HECR",20,NULL,NULL,"MRS",NULL,1,NULL,NULL,NULL,NULL,NULL,NULL,NULL
7570,322,"11:27:00","HECR",30,NULL,NULL,"MRS",1,NULL,NULL,NULL,NULL,NULL,NULL,NULL,NULL
1342,46,"11:52:00","HECR",15,NULL,NULL,"MLP",NULL,NULL,NULL,NULL,NULL,NULL,NULL,NULL,NULL
4429,173,"12:00:10","HECR",25,NULL,NULL,"JAH",NULL,5,NULL,NULL,NULL,NULL,NULL,NULL,NULL
1514,59,"10:55:00","HECR",20,NULL,NULL,"MLP",NULL,NULL,NULL,NULL,NULL,NULL,NULL,NULL,NULL
7178,304,"09:07:00","HECR",25,NULL,NULL,"MRS",2.5,NULL,NULL,NULL,NULL,NULL,NULL,NULL,NULL
7048,296,"09:40:00","HECR",25,NULL,NULL,"MRS",2.3,NULL,NULL,NULL,NULL,NULL,NULL,NULL,NULL
1249,44,"15:23:00","ENQD",25,NULL,NULL,"MLP",NULL,NULL,NULL,NULL,NULL,NULL,NULL,NULL,NULL
4436,170,"12:03:09","HECR",30,NULL,NULL,"MRS",NULL,6,NULL,NULL,NULL,NULL,NULL,NULL,NULL
4346,170,"11:22:48","HECR",25,NULL,NULL,"MRS",NULL,4,NULL,NULL,NULL,NULL,NULL,NULL,NULL
1158,41,"14:52:30","HECR",30,NULL,NULL,"MLP",NULL,11,NULL,"These are just approximated: I counted 17 total from this location. One quarter with APPE.",NULL,NULL,NULL,NULL,NULL
3788,161,"12:09:20","HECR",20,NULL,NULL,"MLP",NULL,7,NULL,NULL,NULL,NULL,NULL,NULL,NULL
570,22,"11:35:00","HECR",20,NULL,NULL,"MLP",2.5,NULL,NULL,NULL,NULL,NULL,NULL,NULL,NULL
4561,174,"14:59:29","HECR",10,NULL,NULL,"MRS",NULL,4,NULL,NULL,NULL,NULL,NULL,NULL,NULL
7984,334,"14:59:30","HEMG",30,NULL,NULL,"MRS",1.8,NULL,NULL,NULL,NULL,NULL,NULL,NULL,NULL
1153,41,"14:43:45","HECR",30,NULL,NULL,"MLP",NULL,11,NULL,"These are just approximated: I counted 25 total from this location. One quarter with APPE.",NULL,NULL,NULL,NULL,NULL
7713,327,"12:58:00","HECR",30,NULL,NULL,"MRS",1.1,NULL,NULL,NULL,NULL,NULL,NULL,NULL,NULL
964,40,"11:31:02","HECR",40,NULL,NULL,"MLP",NULL,12,NULL,NULL,NULL,NULL,NULL,NULL,NULL
900,38,"14:32:30","HECR",15,NULL,NULL,"MLP",NULL,11,NULL,NULL,NULL,NULL,NULL,NULL,NULL
7201,304,"10:23:00","HECR",30,NULL,NULL,"MRS",3,NULL,NULL,NULL,NULL,NULL,NULL,NULL,NULL
4653,178,"11:22:20","HEMA",15,NULL,NULL,"MRS",NULL,5,NULL,NULL,NULL,NULL,NULL,NULL,NULL
5657,209,"15:05:20","HECR",25,NULL,NULL,"G_S",NULL,4,NULL,NULL,NULL,NULL,NULL,NULL,NULL
529,21,"10:02:00","HECR",20,NULL,NULL,"MLP",2.5,NULL,NULL,NULL,NULL,NULL,NULL,NULL,NULL
4233,173,"10:20:40","HECR",20,NULL,NULL,"JAH",NULL,4,NULL,NULL,NULL,NULL,NULL,NULL,NULL
4246,173,"10:26:53","HECR",20,NULL,NULL,"JAH",NULL,4,NULL,NULL,NULL,NULL,NULL,NULL,NULL
995,40,"11:54:45","HECR",40,NULL,NULL,"MLP",NULL,10,NULL,NULL,NULL,NULL,NULL,NULL,NULL
1291,45,"09:50:40","HECR",25,NULL,NULL,"MLP",NULL,NULL,NULL,NULL,NULL,NULL,NULL,NULL,NULL
1440,52,"17:13:30","HEMG",60,NULL,NULL,"MLP",NULL,NULL,NULL,NULL,NULL,NULL,NULL,NULL,NULL
3570,161,"10:49:00","HECR",13,NULL,NULL,"MLP",NULL,6,NULL,NULL,NULL,NULL,NULL,NULL,NULL
4424,170,"11:58:41","HECR",30,NULL,NULL,"MRS",NULL,6,NULL,NULL,NULL,NULL,NULL,NULL,NULL
3910,169,"14:41:20","HECR",20,NULL,NULL,"JAH",NULL,6,NULL,"fish going btw 2 anemones (14:41:20 and 14:42:11)",NULL,NULL,NULL,NULL,NULL
809,33,"10:33:00","HECR",15,NULL,NULL,"MLP",NULL,16,NULL,NULL,NULL,NULL,NULL,NULL,NULL
1182,42,"08:57:15","HECR",50,NULL,NULL,"MLP",NULL,NULL,NULL,NULL,NULL,NULL,NULL,NULL,NULL
6445,258,"13:41:00","HECR",30,NULL,NULL,"MRS",1.2,NULL,NULL,NULL,NULL,NULL,NULL,NULL,NULL
5032,210,"13:01:00","HECR",30,NULL,NULL,"PHF",NULL,6,NULL,NULL,NULL,NULL,NULL,NULL,NULL
3723,164,"11:42:36","HECR",13,NULL,NULL,"JAH",NULL,7,NULL,"stringy with purple tips",NULL,NULL,NULL,NULL,NULL
4415,173,"11:52:30","HECR",15,NULL,NULL,"JAH",NULL,4,NULL,NULL,NULL,NULL,NULL,NULL,NULL
5361,209,"13:59:58","HECR",12,NULL,NULL,"G_S",NULL,5,NULL,NULL,NULL,NULL,NULL,NULL,NULL
7822,331,"09:45:00","ENQD",20,NULL,NULL,"MRS",6.6,NULL,NULL,NULL,NULL,NULL,NULL,NULL,NULL
976,40,"11:36:30","HECR",20,NULL,NULL,"MLP",NULL,10,NULL,NULL,NULL,NULL,NULL,NULL,NULL
2877,130,"10:02:00","HECR",25,NULL,NULL,"MRS",NULL,4,NULL,NULL,NULL,NULL,NULL,NULL,NULL
19,3,"12:10:00","????",NULL,NULL,NULL,"MLP",5.1,NULL,NULL,NULL,NULL,NULL,NULL,NULL,NULL
