"collector","fish_obs_time","fish_spp","size",anem_table_id,"obs_notes",est_table_id
"MRS, G_S","09:26:00","APCL","9",7532,"APPE 3. 0, 5",1
"G_S","10:35:08","APPE","9",8102,NULL,2
"G_S","10:39:40","APPE","5",8103,NULL,3
"G_S","10:40:32","APPE","7",8104,NULL,4
"G_S","10:43:29","APPE","8",8105,NULL,5
"G_S","10:44:30","APPE","5",8106,NULL,6
"G_S","10:45:00","APPE","6",8107,NULL,7
"G_S","10:45:43","APPE","4",8108,NULL,8
"G_S","10:46:47","APPE","3",8109,NULL,9
"G_S","10:48:17","APCL","10",8111,NULL,10
"G_S","10:48:17","APPE","9",8112,NULL,11
"G_S","11:00:40","APCL","11",8113,NULL,12
"G_S","11:10:43","APCL","13",8114,NULL,13
"G_S","11:17:30","APCL","9",8115,NULL,14
"G_S","11:27:40","APCL","10",8117,NULL,15
"G_S","11:34:32","APCL","9",8118,NULL,16
"G_S","11:43:02","APCL","2",8119,NULL,17
"G_S","11:49:36","APCL","2",8120,NULL,18
"G_S","11:55:12","APCL","2",8121,NULL,19
"G_S","12:14:18","APCL","8",8122,NULL,20
"G_S","12:24:06","APCL","5",8123,NULL,21
"G_S","12:28:35","APCL","10",8124,NULL,22
"G_S","14:14:10","APCL","8",8126,NULL,23
"G_S","14:19:13","APCL","4",8127,NULL,24
"G_S","14:26:07","APCL","7",8128,NULL,25
"G_S","14:31:35","APCL","9",8129,NULL,26
"G_S","14:47:43","APCL","9",8131,NULL,27
"G_S","14:57:10","APCL","10",8132,NULL,28
"G_S","15:11:07","APCL","5",8133,NULL,29
"G_S","09:46:46","APCL","8",8134,NULL,30
"G_S","09:56:42","APCL","8",8135,NULL,31
"G_S","10:06:26","APCL","3",8136,NULL,32
"G_S","10:14:24","APCL","6",8137,NULL,33
"G_S","10:23:40","APCL","7",8138,NULL,34
"G_S","10:34:32","APCL","7",8139,NULL,35
"G_S","10:50:36","APCL","5",8140,NULL,36
"G_S","10:58:22","APCL","8",8141,NULL,37
"G_S","11:11:28","APCL","10",8142,NULL,38
"G_S","11:23:35","APCL","5",8143,NULL,39
"G_S","11:33:52","APCL","5",8144,NULL,40
"G_S","09:36:20","APCL","11",8145,NULL,41
"G_S","09:47:42","APCL","3",8146,NULL,42
"G_S","10:01:00","APFR","2",8147,NULL,43
"G_S","10:01:02","APCL","11",8148,NULL,44
"G_S","10:05:15","APCL","4",8149,NULL,45
"G_S","10:19:33","APCL","7",8150,NULL,46
"G_S","10:21:22","APCL","4",8151,NULL,47
"G_S","10:29:58","APCL","11",8152,NULL,48
"G_S","10:43:45","APCL","11",8153,NULL,49
"G_S","10:48:17","APCL","3",8154,NULL,50
"G_S","10:58:10","APCL","2",8155,NULL,51
"G_S","11:03:02","APCL","2",8156,NULL,52
"G_S","11:13:17","APCL","9",8157,NULL,53
"G_S","12:35:34","APCL","9",8158,NULL,54
"G_S","12:40:47","APCL","7",8159,NULL,55
"G_S","12:51:56","APCL","5",8160,NULL,56
"G_S","12:57:32","APCL","6",8161,NULL,57
"G_S","13:01:25","APCL","6",8162,NULL,58
"G_S","13:10:55","APCL","7",8163,NULL,59
"G_S","13:23:24","APCL","9",8164,NULL,60
"G_S","13:29:51","APCL","3",8165,NULL,61
"G_S","13:41:55","APCL","2",8166,NULL,62
"G_S","13:59:05","APCL","7",8167,NULL,63
"G_S","14:08:25","APCL","11",8168,NULL,64
"G_S","14:13:05","APCL","7",8169,NULL,65
"G_S","14:25:45","APCL","9",8170,NULL,66
"G_S","14:34:16","APCL","1",8171,NULL,67
"G_S","09:55:20","APCL","1",8172,NULL,68
"G_S","10:05:45","APCL","4",8173,NULL,69
"G_S","10:15:26","APCL","10",8174,NULL,70
"G_S","10:22:20","APCL","10",8175,NULL,71
"G_S","10:35:32","APCL","9",8176,NULL,72
"G_S","10:41:13","APCL","3",8177,NULL,73
"G_S","11:07:46","APCL","1",8178,NULL,74
"MLP","10:08:00","APPE","2",8179,NULL,75
"MLP","10:21:00","APPE","2",8180,NULL,76
"MLP","10:24:00","APPE","4",8182,NULL,77
"MLP","10:29:00","APCL","3",8183,NULL,78
"MLP","10:32:00","APPE","3",8184,NULL,79
"MLP","10:34:00","APPE","4",8185,NULL,80
"MLP","10:35:00","APCL","12. 12",8186,NULL,81
"MLP","10:40:00","APCL","1",8187,NULL,82
"MRS","10:41:00","APPE","5",8188,NULL,83
"MLP","10:44:00","APPE","6",8189,NULL,84
"MLP","10:46:00","APCL","12",8190,NULL,85
"MLP","10:51:00","APCL","6",8191,"BLACK, APSA 2, APPE 3",86
"MLP","10:51:00","APPE","3",8193,NULL,87
"MLP","10:57:00","APCL","9",8194,"APPE 3",88
"MLP","11:40:00","APPE","4",8195,"APCL 1",89
"MLP","11:47:00","APPE","5",8197,NULL,90
"MLP","11:50:00","APFR","14",8199,NULL,91
"MLP","11:51:00","APPE","4",8200,NULL,92
"MLP","11:54:00","APPE","7",8202,NULL,93
"MLP","11:55:00","APPE","2",8203,NULL,94
"MLP","12:06:00","APPE","5",8204,NULL,95
"MLP","12:06:00","APPE","4",8205,NULL,96
"MLP","12:11:00","APCL","12",8206,"APPE 2, CAUGHT 1",97
"MLP","14:02:00","APPE","3",8207,NULL,98
"MLP","14:05:00","APPE","4",8208,NULL,99
"MLP","14:06:00","APPE","4",8209,NULL,100
"MLP","14:07:00","APPE","6",8210,NULL,101
"MLP","14:09:00","APPE","5",8211,NULL,102
"MLP","14:11:00","APPE","8",8212,NULL,103
"MLP","14:12:00","APCL","10",8213,NULL,104
"MLP","14:18:00","APCL","9",8214,NULL,105
"MLP","14:22:00","APCL","2",8215,NULL,106
"MLP","14:31:00","APCL","2",8216,NULL,107
"MLP","14:43:00","APCL","10",8217,NULL,108
"MLP","14:53:00","APPE","4",8218,NULL,109
"MLP","14:53:00","APPE","5",8219,NULL,110
"MLP","15:17:00","APCL","7",8220,NULL,111
"MLP","15:30:00","APPE","6",8221,NULL,112
"MLP","10:00:00","APPE","3",8222,"REPEAT OBSV FROM 5/18",113
"MLP","10:01:00","APPE","2",8224,NULL,114
"MLP","10:10:00","APCL","3",8225,NULL,115
"MLP","10:13:00","APPE","4",8226,NULL,116
"MLP","10:13:00","APCL","3",8227,NULL,117
"MLP","10:14:00","APPE","7",8228,NULL,118
"MLP","10:17:00","APPE","6",8229,NULL,119
"MLP","10:17:00","APPE","6",8230,NULL,120
"MLP","10:20:00","APCL","7",8232,NULL,121
"MLP","10:23:00","APPE","5",8233,NULL,122
"MLP","10:23:00","APPE","7",8234,NULL,123
"MLP","10:23:00","APPE","4",8235,NULL,124
"MLP","10:26:00","APPE","6",8236,"REPEAT OBSV FROM 5/18",125
"MLP","10:27:00","APPE","6",8237,NULL,126
"MLP","10:32:00","APCL","6",8238,NULL,127
"MLP","10:35:00","APCL","6",8239,"APFR 2",128
"MLP","10:42:00","APPE","6",8240,NULL,129
"MLP","10:49:00","APCL","9",8241,"REPEAT OBSV FROM 5/18",130
"MLP","10:55:00","APCL","7",8242,NULL,131
"MLP","11:05:00","APCL","8",8244,NULL,132
"MLP","11:10:00","APFR","7",8245,NULL,133
"MLP","11:13:00","APCL","12",8246,NULL,134
"MLP","11:16:00","APPE","5",8247,NULL,135
"MLP","11:19:00","APPE","6",8248,NULL,136
"MLP","11:21:00","APPE","5",8249,NULL,137
"MLP","11:22:00","APPE","7",8250,NULL,138
"MLP","11:25:00","APCL","5",8251,NULL,139
"MLP","11:28:00","APCL","9",8252,NULL,140
"MLP","11:28:00","APPE","2",8252,NULL,141
"MLP","11:30:00","APPE","5",8254,NULL,142
"MLP","11:31:00","APCL","9",8255,NULL,143
"MLP","11:42:00","APPE","10",8256,NULL,144
"MLP","11:46:00","APCL","2",8257,NULL,145
"MLP","11:46:00","APPE","6",8258,NULL,146
"MLP","11:47:00","APCL","8",8259,NULL,147
"MRS","11:58:00","APCL","3",8260,"This anem tag was added on this dive but not recorded by the anem surveyor, fish collector recorded anem closest to fish basket.",148
"KAC, MLP","13:09:00","APCL","10",8261,NULL,149
"MRS","13:21:00","APCL","2",8263,"This anem tag was not recorded by the anem surveyor during this dive, fish collector recorded anem closest to fish basket.",150
"KAC, MLP","13:23:00","APCL","9",8264,NULL,151
"KAC, MLP","13:25:00","APFR","11",8265,NULL,152
"KAC, MLP","13:31:00","APPE","3",8266,NULL,153
"KAC, MLP","13:35:00","APPE","4",8267,NULL,154
"KAC, MLP","13:36:00","APCL","1",8268,NULL,155
"KAC, MLP","13:39:00","APPE","5",8269,NULL,156
"KAC, MLP","13:40:00","APPE","4",8270,NULL,157
"KAC, MLP","13:42:00","APPE","4",8271,NULL,158
"KAC, MLP","13:45:00","APCL","8",8272,NULL,159
"KAC, MLP","13:48:00","APCL","6",8273,NULL,160
"KAC, MLP","13:52:00","APPE","6",8274,NULL,161
"KAC, MLP","13:56:00","APPE","5",8275,NULL,162
"KAC, MLP","13:59:00","PRBI","12",8276,NULL,163
"KAC, MLP","14:01:00","APPE","4",8277,NULL,164
"KAC, MLP","14:03:00","APFR","7",8278,NULL,165
"KAC, MLP","14:04:00","APCL","1",8279,"3 APPE 5cm,4cm,3cm",166
"KAC, MLP","14:05:00","APPE","6",8280,NULL,167
"KAC, MLP","14:08:00","APCL","8",8281,"1 APPE, 2cm",168
"KAC, MLP","14:13:00","APPE","5",8282,NULL,169
"KAC, MLP","14:16:00","APFR","15",8283,NULL,170
"KAC, MLP","14:17:00","APCL","10",8284,NULL,171
"KAC, MLP","14:26:00","APPE","4",8285,NULL,172
"KAC, MLP","14:27:00","APPE","5",8286,NULL,173
"KAC, MLP","14:30:00","APPE","5",8287,NULL,174
"KAC, MLP","14:31:00","APPE","6",8288,NULL,175
"KAC, MLP","14:32:00","APCL","5",8289,NULL,176
"KAC, MLP","14:37:00","APCL","3",8290,"1 APPE, 1cm; black APCL was not caught, 10cm, not sure which anemone but might be this one",177
"KAC, MLP","14:45:00","APCL","9",8291,"1 APPE, no anem ID written down, believe based on coordinates that this is 2195 although it could be 486",178
"KAC","10:28:32","APPE","5",8292,NULL,179
"KAC","10:31:20","APCL","5",8293,NULL,180
"KAC","10:33:40","APPE","5",8294,NULL,181
"KAC","10:35:09","APCL","7",8295,NULL,182
"KAC","10:37:00","APPE","4",8296,NULL,183
"KAC","10:38:36","APCL","11",8297,"from earlier, fins clipped by Michelle and Gerry",184
"KAC","10:40:35","APPE","5",8298,NULL,185
"KAC","10:42:45","APPE","6.4",8299,NULL,186
"KAC","10:43:42","APCL","8",8300,NULL,187
"KAC","10:44:53","APPE","6",8301,NULL,188
"KAC","10:46:09","APCL","10",8302,"clipped by Michelle and Gerry earlier",189
"KAC","10:48:28","APPE","6",8303,NULL,190
"KAC","10:49:44","APPE","5",8304,NULL,191
"KAC","10:51:25","APPE","7",8305,NULL,192
"KAC","10:53:25","APCL","8",8306,NULL,193
"KAC","10:54:00","APPE","5",8307,NULL,194
"KAC","10:54:48","APPE","4",8308,NULL,195
"KAC","11:00:28","APCL","11",8309,"larger fish fin clipped",196
"KAC","11:02:14","APPE","3",8310,NULL,197
"KAC","11:02:14","APCL","8",8312,NULL,198
"KAC","11:02:14","APPE","4",8313,NULL,199
"KAC","11:09:45","APPE","5",8314,NULL,200
"KAC","11:12:14","APCL","10",8315,NULL,201
"KAC","11:19:00","APCL","10",8316,"eggs!",202
"KAC","11:34:11","APPE","4",8317,NULL,203
"KAC","11:36:17","APOC","7",8318,NULL,204
"KAC","11:37:17","APCL","10",8319,NULL,205
"KAC","11:38:44","APCL","2",8321,NULL,206
"KAC","11:41:43","APPE","5",8322,NULL,207
"KAC","11:43:08","APPE","4",8323,NULL,208
"MRS","11:44:00","APPE","1",8324,NULL,209
"KAC","11:44:00","APCL","12",8325,NULL,210
"KAC","11:47:23","APPE","5",8326,NULL,211
"KAC","12:02:31","APCL","6",8328,NULL,212
"KAC","12:02:31","APCL","10",8329,NULL,213
"KAC","12:06:51","APPE","9",8330,NULL,214
"KAC","13:35:38","APPE","4",8332,NULL,215
"KAC","13:36:00","APPE","4",8333,NULL,216
"KAC","13:43:43","APCL","12",8334,"repeat observation from 5/19, survey 31",217
"KAC","13:44:12","APPE","5",8336,NULL,218
"KAC","13:45:22","APPE","8",8337,NULL,219
"KAC","13:45:30","APCL","10",8338,"10 was clipped, caught 9",220
"KAC","13:47:20","APPE","3",8339,NULL,221
"KAC","13:52:30","APCL","9",8342,"why is one clipped?",222
"KAC","13:55:45","APCL","2",8343,"repeat observation",223
"KAC","14:01:13","APFR","12",8345,NULL,224
"KAC","14:05:49","APCL","10",8346,NULL,225
"KAC","14:07:28","APCL","5.3",8347,NULL,226
"KAC","14:10:15","APCL","2",8348,NULL,227
"KAC","14:12:00","APCL","1",8349,"APPE 2,5 cm",228
"KAC","14:16:48","APCL","3",8350,NULL,229
"KAC","14:17:47","APFR","7",8351,NULL,230
"KAC","14:23:54","APPE","3",8352,NULL,231
"KAC","14:25:19","APPE","5",8353,NULL,232
"KAC","14:25:19","APPE","4",8354,NULL,233
"KAC","14:26:21","APPE","4",8355,NULL,234
"KAC","14:34:05","APCL","11",8357,NULL,235
"KAC","14:39:45","APPE","5",8360,NULL,236
"KAC","14:39:45","APPE","4",8360,NULL,237
"KAC","14:45:33","APPE","4",8361,NULL,238
"KAC","14:45:33","APPE","4.3",8362,NULL,239
"KAC","14:50:26","APCL","5",8363,NULL,240
"KAC","14:56:16","APPE","6",8365,NULL,241
"KAC","14:57:04","APPE","6",8366,NULL,242
"KAC","09:39:42","APCL","8",8367,NULL,243
"KAC","09:48:09","APPE","5",8368,NULL,244
"KAC","09:49:07","APCL","6",8369,"1 APPE, 3cm",245
"KAC","09:51:41","APCL","7",8370,NULL,246
"KAC","09:54:33","APCL","3",8371,"1 APPE, 4cm",247
"KAC","10:08:00","APCL","9",8372,NULL,248
"KAC","10:13:55","APPE","5",8373,NULL,249
"KAC","10:16:41","APCL","7",8374,"1 APPE, 2cm",250
"KAC","10:19:17","APPE","7",8375,NULL,251
"KAC","10:41:27","APCL","3",8376,NULL,252
"KAC","10:58:10","APCL","1",8378,NULL,253
"KAC","10:59:38","APCL","4",8379,NULL,254
"KAC","12:41:18","APCL","4",8380,NULL,255
"KAC","12:44:21","APCL","4",8381,NULL,256
"KAC","12:47:00","APPE","6",8382,NULL,257
"KAC","12:53:22","APCL","5",8383,"1 APPE, 2cm",258
"KAC","12:58:04","APCL","3",8384,"2 APPE, 4cm, 3cm",259
"KAC","13:04:30","APPE","3",8385,NULL,260
"KAC","13:18:52","APCL","4",8386,NULL,261
"KAC","13:34:37","APPE","4",8387,NULL,262
"KAC","13:36:38","APPE","3",8388,NULL,263
"KAC","13:43:34","APCL","5",8389,NULL,264
"KAC","13:46:25","APPE","7",8390,NULL,265
"KAC","14:09:15","APCL","7",8392,NULL,266
"KAC","14:10:13","APCL","5",8393,NULL,267
"KAC","09:51:51","APCL","7",8394,NULL,268
"KAC","10:18:27","APPE","5",8395,NULL,269
"KAC","10:21:21","APCL","5",8396,NULL,270
"KAC","10:30:54","APPE","4",8398,NULL,271
"KAC","10:31:36","APCL","9",8399,NULL,272
"KAC","10:33:10","APPE","5",8400,NULL,273
"KAC","10:33:36","APCL","2",8401,"2 APPE, 4cm, 4cm",274
"KAC","10:45:42","APCL","5",8402,"1 APPE, 4cm",275
"KAC","10:48:59","APCL","8",8404,NULL,276
"KAC","11:35:00","APCL","5",8405,"1 APPE, 3cm",277
"MRS","13:28:00","APCL","9",8406,"This anem tag was not recorded by the anem surveyor, fish collector recorded anem closest to fish basket.",278
"KAC","13:33:45","APPE","5",8407,NULL,279
"MRS","13:35:00","APCL","7",8408,"This anem tag was added on this dive but not recorded by the anem surveyor, fish collector recorded anem closest to fish basket.",280
"KAC","13:48:34","APPE","6",8409,NULL,281
"KAC","13:53:38","APPE","4",8411,NULL,282
"KAC","13:57:18","APPE","7",8413,NULL,283
"KAC","14:01:16","APPE","4",8415,NULL,284
"KAC","14:03:52","APCL","5",8416,NULL,285
"KAC","14:20:05","APCL","8",8418,NULL,286
"KAC","14:25:15","APCL","9",8421,NULL,287
"KAC","08:54:10","APFR","4",8422,"two bands",288
"KAC","08:59:17","APPE","6",8423,NULL,289
"KAC","09:01:14","APPE","5",8424,NULL,290
"KAC","09:06:12","APCL","4",8425,"no eggs",291
"KAC","09:06:12","APCL","10",8426,"no eggs",292
"KAC","09:46:21","APCL","4",8427,"no eggs",293
"KAC","09:57:21","APCL","4",8428,"2 APPE, 3cm, 3cm",294
"KAC","10:24:50","APPE","8",8429,NULL,295
"KAC","12:06:10","APCL","7",8430,"wiley",296
"KAC","12:06:10","APFR","1",8431,"two bands, taken",297
"KAC","12:48:14","APCL","8",8432,"3 APPE, 4cm,4cm,4cm; no eggs",298
"KAC","08:33:13","APCL","4",8434,NULL,299
"KAC","09:06:14","APCL","1",8435,NULL,300
"KAC","09:27:23","APCL","6",8436,NULL,301
"KAC","09:29:51","APCL","5",8437,NULL,302
"KAC","09:38:19","APCL","5",8438,NULL,303
"KAC","10:24:19","APCL","6",8439,"APPE 3cm",304
"KAC","11:47:09","APCL","5",8440,NULL,305
"KAC","11:59:47","APCL","4",8441,NULL,306
"KAC","12:17:54","APCL","4",8443,NULL,307
"KAC","12:31:20","APCL","5",8444,"no eggs",308
"KAC","12:40:08","APFR","12",8445,NULL,309
"KAC","12:55:47","APCL","12",8446,"1 APPE",310
"KAC","09:30:10","APCL","10",8447,"1 APPE 4 CM",311
"KAC","09:47:11","APCL","4",8448,NULL,312
"KAC","09:56:39","APCL","9",8449,NULL,313
"KAC","10:02:01","APFR","13",8450,NULL,314
"KAC","10:03:43","APPE","4",8451,NULL,315
"KAC","10:06:14","APCL","8",8452,"1 APPE 4, EGGS, 1 ESCAPEE, OR SMALLER OF 2674…",316
"KAC","10:10:33","APCL","11",8453,"2 APPE 3, 4",317
"KAC","10:26:54","APFR","4",8454,NULL,318
"KAC","10:28:09","APFR","13",8455,NULL,319
"KAC","10:30:58","APFR","15",8456,NULL,320
"KAC","10:48:17","APFR","13",8462,NULL,321
"KAC","10:53:50","APCL","3",8463,NULL,322
"KAC","10:55:11","APFR","5",8464,NULL,323
"KAC","11:02:10","APSE","7",8465,NULL,324
"KAC","11:07:58","APFR","9",8466,NULL,325
"KAC","11:10:16","APFR","12",8467,"RED ANEMONE",326
"KAC","12:41:06","APCL","2",8468,"2 APPE 4 CM 2 CM",327
"KAC","12:46:38","APCL","1",8469,"2 APPE 3CM",328
"MRS","12:49:00","APCL","11.5",8470,"This anem tag was added on this dive but not recorded by the anem surveyor, fish collector recorded anem closest to fish basket.",329
"KAC","12:52:42","APFR","7",8471,NULL,330
"KAC","12:56:30","APPE","7",8472,NULL,331
"KAC","13:05:33","APCL","7",8473,NULL,332
"KAC","13:56:40","APCL","10",8474,NULL,333
"KAC","14:01:53","APCL","6",8475,NULL,334
"KAC","09:20:10","APCL","10",8476,"1 appe 4cm",335
"KAC","09:35:53","APPE","10",8477,NULL,336
"KAC","09:38:42","APCL","7",8478,NULL,337
"KAC","11:06:43","APCL","4",8480,NULL,338
"KAC","11:14:25","APCL","4",8482,NULL,339
"KAC","11:23:23","APCL","10",8483,NULL,340
"KAC","11:28:43","APFR","10",8484,NULL,341
"KAC","11:38:52","APCL","11",8485,NULL,342
"KAC","11:48:30","APCL","4",8486,NULL,343
"KAC","12:02:47","APPE","7.6.4",8487,NULL,344
"KAC","12:03:50","APCL","3",8488,NULL,345
"KAC","12:08:55","APPE","7",8489,NULL,346
"KAC","12:12:14","APCL","6",8490,"1 APPE",347
"KAC","12:20:20","APCL","9",8491,"1 APPE 3CM",348
"KAC","12:25:15","APCL","2",8492,"1 APPE 4CM",349
"KAC","12:35:30","APCL","8",8494,NULL,350
"KAC","10:29:05","APCL","9",8495,NULL,351
"KAC","10:29:05","APCL","6",8496,NULL,352
"KAC","10:29:05","APPE","6",8497,NULL,353
"KAC","10:45:11","APCL","8",8499,NULL,354
"KAC","10:50:31","APCL","4",8500,"1 APPE 2CM",355
"KAC","10:55:38","APPE","4",8501,NULL,356
"KAC","10:57:34","APPE","5",8502,NULL,357
"KAC","11:01:30","APCL","5",8503,"1 APPE 3CM",358
"KAC","11:05:31","APPE","3",8504,NULL,359
"KAC","11:12:57","APCL","8",8505,NULL,360
"KAC","11:22:15","APCL","7",8506,NULL,361
"KAC","11:36:31","APCL","7",8508,NULL,362
"KAC","11:48:28","APCL","7",8510,"2 APPE 2CM, 3CM",363
"KAC","11:53:42","APPE","3",8511,NULL,364
"KAC","11:54:45","APPE","6",8512,NULL,365
"KAC","11:56:05","APCL","6",8513,NULL,366
"KAC","11:59:20","APCL","10",8514,NULL,367
"KAC","12:25:27","APCL","7",8515,NULL,368
"KAC","12:27:40","APPE","3",8516,NULL,369
"KAC","12:37:40","APPE","2",8517,NULL,370
"KAC","12:44:00","APCL","7",8518,NULL,371
"KAC","12:47:56","APCL","7",8519,NULL,372
"KAC","09:19:22","APCL","6",8520,NULL,373
"KAC","09:19:22","APCL","8",8521,NULL,374
"KAC","09:19:22","APCL","8",8522,"terribly tagged, no good place, sorry",375
"KAC","09:30:37","APCL","4",8525,NULL,376
"KAC","09:33:28","APCL","5",8526,NULL,377
"KAC","09:35:26","APCL","7",8527,NULL,378
"KAC","09:38:55","APCL","4",8532,NULL,379
"KAC","09:49:29","APCL","7",8533,NULL,380
"KAC","09:49:29","APCL","5",8534,NULL,381
"KAC","09:54:27","APCL","4",8536,"1 appe",382
"KAC","10:01:47","APCL","11",8544,NULL,383
"MRS","10:12:00","APCL","4",8545,"This anem tag was added on this dive but not recorded by the anem surveyor, fish collector recorded anem closest to fish basket.",384
"KAC","10:17:09","APCL","7",8546,NULL,385
"KAC","10:18:58","APCL","4",8547,"1 APPE",386
"KAC","10:20:40","APCL","6",8548,NULL,387
"KAC","10:24:01","APCL","8",8549,NULL,388
"KAC","10:26:24","APCL","7",8550,NULL,389
"KAC","10:29:00","APCL","9",8551,NULL,390
"KAC","10:32:00","APCL","6",8553,NULL,391
"KAC","10:35:13","APCL","3",8554,NULL,392
"KAC","11:01:00","APCL","7",8556,NULL,393
"KAC","11:02:12","APCL","8",8557,NULL,394
"KAC","11:05:44","APCL","3",8559,NULL,395
"KAC","11:21:13","APCL","10",8560,NULL,396
"MRS","11:56:00","APCL","8",8561,"This anem tag was added on this dive but not recorded by the anem surveyor, fish collector recorded anem closest to fish basket.",397
"KAC","13:13:13","APCL","5",8562,NULL,398
"KAC","13:18:00","APFR","13",8567,NULL,399
"KAC","13:21:00","APCL","10",8569,NULL,400
"KAC","13:21:00","APFR","6",8570,NULL,401
"KAC","13:24:53","APCL","2",8571,NULL,402
"KAC","13:31:19","APCL","7",8573,NULL,403
"KAC","13:33:46","APCL","5",8574,NULL,404
"KAC","13:36:14","APCL","10",8577,NULL,405
"KAC","13:46:57","APCL","6",8584,NULL,406
"KAC","13:50:21","APCL","11",8585,NULL,407
"KAC","13:52:32","APCL","6",8588,NULL,408
"KAC","13:58:18","APCL","10",8595,NULL,409
"KAC","14:02:03","APCL","8",8598,NULL,410
"KAC","14:07:10","APCL","6",8602,NULL,411
"KAC","14:08:51","APCL","10",8603,NULL,412
"KAC","14:19:35","APCL","8",8606,NULL,413
"KAC","14:45:51","APCL","4",8615,NULL,414
"KAC","14:53:00","APCL","9",8619,NULL,415
"KAC","15:01:00","APCL","8",8620,NULL,416
"KAC","15:04:45","APCL","6",8621,NULL,417
"KAC","12:04:03","APCL","5",8629,NULL,418
"KAC","12:07:23","APCL","4",8632,NULL,419
"KAC","12:10:56","APCL","8",8633,NULL,420
"KAC","12:16:09","APCL","12",8637,"WROTE 2762 on the datasheet twice, this one is 2764, I think",421
"KAC","12:19:51","APCL","4",8638,NULL,422
"KAC","12:23:20","APCL","8",8639,NULL,423
"KAC","12:29:27","APCL","7",8642,NULL,424
"KAC","12:30:38","APCL","8",8643,NULL,425
"KAC","12:33:23","APCL","4",8644,NULL,426
"KAC","12:41:44","APCL","4",8645,NULL,427
"KAC","12:46:56","APCL","3",8647,NULL,428
"KAC","12:58:59","APCL","4",8650,NULL,429
"KAC","13:06:10","APCL","1",8653,NULL,430
"KAC","13:11:37","APCL","4",8656,NULL,431
"KAC","13:12:28","APCL","2",8658,NULL,432
"KAC","13:18:42","APCL","9",8659,NULL,433
"KAC","13:19:16","APCL","1",8660,NULL,434
"KAC","13:23:57","APCL","7",8661,NULL,435
"KAC","13:26:24","APCL","3",8662,NULL,436
"KAC","13:34:43","APCL","8",8665,NULL,437
"KAC","13:43:20","APCL","4",8666,NULL,438
"KAC","14:09:13","APCL","3",8667,NULL,439
"KAC","11:13:23","APFR","9",8668,NULL,440
"KAC","11:16:00","APCL","8",8669,NULL,441
"KAC","11:18:41","APCL","10",8671,NULL,442
"KAC","11:23:30","APCL","7",8673,NULL,443
"KAC","11:27:28","APCL","8",8674,"WEIRD VIBRATING",444
"KAC","11:31:09","APCL","3",8675,NULL,445
"KAC","11:32:50","APCL","5",8676,"UNSURE OF FISH SPECIES, 3 WHITE BANDS, DARK RED",446
"KAC","11:37:41","APCL","2",8677,"WEIRD VIBRATING",447
"KAC","11:43:01","APCL","10",8679,NULL,448
"KAC","11:46:15","APFR","14",8681,NULL,449
"MRS","12:03:00","APCL","1",8683,NULL,450
"KAC","12:03:44","APCL","3",8684,"NO ANEM ID WRITTEN ON DATASHEET, ASSUMING 2782 BECAUSE MISSING NUMBER",451
"MRS","12:07:00","APCL","8",8685,NULL,452
"KAC","12:10:03","APCL","3",8688,NULL,453
"KAC","10:21:32","APCL","5",8690,NULL,454
"KAC","10:23:25","APCL","1",8691,NULL,455
"KAC","10:25:00","APCL","4",8693,NULL,456
"KAC","10:27:19","APCL","5",8694,NULL,457
"KAC","10:31:44","APCL","9",8695,NULL,458
"KAC","10:32:21","APCL","4",8696,NULL,459
"KAC","10:36:38","APCL","0.5",8697,NULL,460
"KAC","10:43:57","APCL","10",8702,NULL,461
"KAC","10:49:05","APCL","6",8703,"clipped but no tag on anem",462
"KAC","10:57:02","APCL","10",8704,"next to 2781 from 6/3",463
"KAC","11:02:32","APCL","2",8705,NULL,464
"KAC","11:03:34","APCL","4",8706,NULL,465
"KAC","11:13:25","APCL","5",8709,NULL,466
"KAC","11:25:18","APCL","5",8710,NULL,467
"KAC","11:32:14","APCL","10",8711,NULL,468
"KAC","14:01:04","APCL","9",8712,NULL,469
"KAC","14:09:09","APCL","2",8714,NULL,470
"KAC","14:19:26","APCL","8",8717,NULL,471
"KAC","14:19:53","APCL","9",8718,NULL,472
"KAC","14:26:25","APCL","10",8719,NULL,473
"KAC","14:32:31","APCL","0.5",8720,NULL,474
"KAC","14:35:05","APCL","6",8721,NULL,475
"KAC","14:38:35","APCL","11",8722,"anem observer wrote unreadable for old anem id on datasheet, MRS wrote 406 on her clownfish data sheet",476
"KAC","14:42:38","APCL","4",8723,NULL,477
"KAC","14:47:39","APCL","4",8724,NULL,478
"KAC","14:52:00","APCL","0.5",8725,NULL,479
"KAC","14:56:13","APCL","4",8727,NULL,480
"KAC","14:59:19","APCL","10",8728,"1 APFR",481
"KAC","15:09:38","APCL","9",8730,NULL,482
"KAC","15:35:19","APCL","4",8731,NULL,483
"KAC","15:36:06","APCL","3",8732,NULL,484
"KAC","15:37:53","APCL","9",8733,NULL,485
"KAC","15:42:38","APCL","2",8735,NULL,486
"KAC","11:25:33","APCL","10",8740,"MRS added 2897 later because 2897 was the first anem on the clownfish survey sheet for this dive, the tag was read in the field, added during this dive but not recorded",487
"KAC","11:28:40","APCL","4",8743,NULL,488
"KAC","11:32:13","APCL","2",8744,NULL,489
"KAC","11:35:41","APCL","6",8745,NULL,490
"KAC","11:40:52","APCL","5",8746,NULL,491
"KAC","11:48:32","APCL","11",8747,NULL,492
"KAC","11:52:19","APCL","2",8748,NULL,493
"KAC","11:53:52","APCL","1",8749,NULL,494
"KAC","11:55:56","APCL","4",8750,NULL,495
"KAC","11:58:10","APCL","2",8751,NULL,496
"KAC","12:06:42","APCL","4",8753,NULL,497
"KAC","12:10:29","APCL","11",8754,NULL,498
"KAC","12:14:38","APCL","6",8755,NULL,499
"KAC","12:17:28","APCL","4",8756,NULL,500
"KAC","12:19:18","APCL","11",8757,NULL,501
"KAC","13:50:31","APCL","10",8759,"1 tiny APFR",502
"KAC","13:50:31","APCL","4",8760,NULL,503
"KAC","13:54:13","APCL","11",8762,NULL,504
"KAC","14:01:30","APCL","8",8763,"could be 2168, there is some confusion between data sheets",505
"KAC","14:03:33","APCL","2",8764,"anem id could be 2187, there is some confusion between datasheets",506
"KAC","14:07:51","APCL","3",8765,NULL,507
"KAC","14:12:39","APCL","4",8768,NULL,508
"KAC","14:17:04","APCL","5",8769,NULL,509
"KAC","14:23:23","APCL","10",8772,NULL,510
"KAC","14:29:17","APCL","11",8773,NULL,511
"KAC","14:29:17","APCL","4",8774,NULL,512
"KAC","14:34:23","APCL","5",8775,NULL,513
"KAC","14:43:00","APCL","12",8776,NULL,514
"KAC","15:00:33","APCL","9",8777,NULL,515
"KAC","15:03:54","APCL","9",8778,NULL,516
"KAC","15:06:39","APCL","5",8779,NULL,517
"KAC","15:36:24","APCL","6",8780,NULL,518
"KAC","15:40:17","APCL","10",8781,NULL,519
"KAC","15:42:57","APCL","5",8782,NULL,520
"KAC","10:34:21","APCL","10",8791,NULL,521
"KAC","10:36:43","APCL","10",8792,NULL,522
"KAC","10:40:53","APCL","6",8793,NULL,523
"KAC","10:45:08","APCL","9",8794,NULL,524
"KAC","10:53:51","APCL","6",8796,NULL,525
"KAC","11:00:50","APCL","3",8797,NULL,526
"KAC","11:03:53","APCL","10",8798,NULL,527
"KAC","11:19:26","APCL","4",8801,NULL,528
"KAC","11:23:50","APCL","3",8802,"1 APPE",529
"KAC","11:30:15","APCL","5",8805,NULL,530
"KAC","11:32:26","APCL","9",8806,NULL,531
"KAC","11:36:03","APCL","4",8807,"3 APPE",532
"KAC","11:44:32","APCL","5",8808,"3 APPE",533
"KAC","11:52:20","APCL","10",8809,"3 APPE",534
"KAC","12:04:04","APCL","11",8810,NULL,535
"KAC","12:07:15","APCL","11",8811,NULL,536
"KAC","12:11:20","APCL","2",8812,NULL,537
"KAC","12:21:07","APCL","6",8813,NULL,538
"KAC","08:33:40","APCL","9",8814,"1 tiny APFR",539
"KAC","08:52:13","APCL","5",8815,NULL,540
"KAC","09:06:43","APCL","8",8816,NULL,541
"MRS","09:13:00","APCL","8",8817,"MRS saw this anem, vis was too bad to navigate back to it with G_S and KAC, FISH WAS VICIOUS, BIT MRS IN THE HEAD",542
"MRS","09:15:00","APCL","8",8818,"MRS saw this anem, vis was too bad to navigate back to it with G_S and KAC",543
"KAC","10:25:25","APCL","5",8819,NULL,544
"KAC","10:51:49","APCL","8",8826,NULL,545
"KAC","11:07:14","APCL","11",8830,NULL,546
"KAC","08:55:48","APCL","9",8833,NULL,547
"KAC","09:06:41","APCL","7",8834,NULL,548
"KAC","09:22:03","APCL","12",8835,NULL,549
"KAC","09:30:35","APCL","12",8837,"NOT CAUGHT",550
"KAC","09:38:22","APCL","12",8839,"3 APPE",551
"KAC","10:00:42","APCL","10",8842,NULL,552
"KAC","10:06:13","APCL","6",8844,NULL,553
"KAC","10:09:42","APCL","10",8845,NULL,554
"KAC","11:53:27","APCL","10",8846,NULL,555
"KAC","12:00:56","APCL","11",8848,"1 APFR",556
"KAC","12:11:07","APCL","3",8849,"MRS THINKS THESE ARE STHD",557
"KAC","12:16:18","APCL","6",8850,"MRS THINKS THESE ARE STHD",558
"KAC","12:23:18","APCL","3",8852,NULL,559
"KAC","12:26:24","APCL","4",8853,NULL,560
"KAC","12:53:57","APCL","8",8856,NULL,561
"KAC","09:53:41","APCL","10",8857,NULL,562
"KAC","09:55:59","APCL","2",8858,NULL,563
"KAC","10:00:53","APCL","10",8859,"1 APPE",564
"KAC","10:03:00","APCL","9",8860,NULL,565
"KAC","10:29:29","APCL","10",8870,NULL,566
"KAC","10:31:48","APCL","5",8871,NULL,567
"KAC","10:34:30","APCL","3",8872,NULL,568
"KAC","10:39:53","APCL","6",8874,NULL,569
"KAC","13:32:32","APCL","2",8875,NULL,570
"KAC","13:36:34","APCL","10",8876,NULL,571
"KAC","13:43:27","APCL","8",8881,"VIE TAG? HID BIG O",572
"KAC","13:46:27","APCL","4",8882,NULL,573
"KAC","13:49:52","APCL","8",8883,NULL,574
"KAC","13:56:28","APCL","8",8885,NULL,575
"KAC","14:12:00","APCL","10",8887,NULL,576
"KAC","14:13:39","APCL","3",8888,NULL,577
"KAC","14:13:39","APCL","12",8889,NULL,578
"KAC","14:19:46","APCL","7",8890,NULL,579
"KAC","14:25:25","APCL","12",8892,NULL,580
"KAC","14:50:18","APCL","3",8896,NULL,581
"KAC","14:57:59","APCL","3",8897,NULL,582
"KAC","15:02:00","APCL","2",8901,NULL,583
"KAC","15:13:05","APCL","5",8902,NULL,584
"KAC","09:24:11","APCL","4",8903,"NEW TAG EVEN THOUGH RECHECK DIVE",585
"KAC","09:29:36","APCL","6",8905,NULL,586
"KAC","09:35:54","APCL","10",8906,"1 APFR TINY FISH",587
"KAC","09:38:05","APCL","10",8907,NULL,588
"KAC","09:03:00","APCL","4",8908,NULL,589
"KAC","09:18:57","APCL","5",8912,"ANOTHER ANEMONE WAS WRITTEN AS 2884, THINK THAT ONE WAS 2885 HOWEVER THERE IS A CHANCE THIS ANEMONE WAS UNTAGGED.",590
"KAC","09:24:03","APCL","5",8916,"2884 WRITTEN ON DATA SHEET BUT THINK THIS IS 2885",591
"KAC","09:27:20","APCL","10",8918,NULL,592
"KAC","09:32:05","APCL","9",8919,NULL,593
"KAC","09:33:42","APCL","5",8920,NULL,594
"KAC","09:36:59","APCL","10",8921,NULL,595
"KAC","09:48:00","APCL","13",8923,NULL,596
"KAC","09:50:52","APCL","11",8924,NULL,597
"KAC","09:53:47","APCL","4",8925,NULL,598
"KAC","10:06:18","APCL","7",8929,NULL,599
"KAC","10:09:41","APCL","10",8930,NULL,600
"KAC","10:16:37","APCL","5",8932,NULL,601
"KAC","10:18:50","APCL","5",8934,NULL,602
"KAC","10:23:20","APCL","10",8935,NULL,603
"KAC","10:26:34","APCL","11",8936,NULL,604
"KAC","10:34:42","APCL","10",8937,NULL,605
"KAC","10:55:03","APCL","10",8941,NULL,606
"KAC","10:57:14","APCL","10",8943,NULL,607
"KAC","10:57:15","APCL","9",8944,NULL,608
"KAC","11:23:38","APCL","6",8945,NULL,609
"KAC","08:20:45","APCL","9",8946,NULL,610
"KAC","08:43:04","APCL","6",8947,NULL,611
"KAC","08:46:15","APCL","6",8948,NULL,612
"KAC","08:47:38","APCL","6",8949,NULL,613
"KAC","08:54:46","APCL","7",8950,NULL,614
"KAC","13:12:36","APCL","10",8951,NULL,615
"KAC","13:18:54","APCL","8",8954,NULL,616
"KAC","13:19:25","APCL","14",8955,NULL,617
"KAC","13:27:04","APCL","8",8956,NULL,618
"KAC","13:28:45","APCL","5",8957,NULL,619
"KAC","13:54:00","APCL","10",8963,NULL,620
"KAC","13:54:00","APCL","4",8964,NULL,621
"KAC","14:12:00","APCL","5",8966,NULL,622
"KAC","08:33:15","APCL","7",8973,NULL,623
"KAC","08:41:48","APCL","6",8976,NULL,624
"KAC","08:42:53","APCL","6",8977,NULL,625
"KAC","08:57:51","APCL","4",8978,NULL,626
"KAC","08:59:55","APCL","8",8979,NULL,627
"KAC","09:35:49","APCL","5",8980,"TAG PULLED OUT, HAMMERED IT BACK IN",628
"KAC","09:58:30","APCL","2",8982,NULL,629
"KAC","10:17:30","APCL","4",8984,"NO TAG BUT REMEMBER TAGGING EARLIER IN THE SEASON SO MUST HAVE LOST TAG",630
"KAC","10:30:52","APCL","3",8985,"POSSIBLY 5 FISH, THE EXTRA WOULD BE 8…GERRY THINKS 4 FISH, KATRINA THINKS 5",631
"KAC","09:10:40","APCL","10",8987,NULL,632
"KAC","09:16:21","APCL","6",8988,NULL,633
"KAC","09:23:01","APCL","4",8989,NULL,634
"KAC","09:46:00","APCL","9",8991,NULL,635
"KAC","09:53:06","APCL","2",8995,NULL,636
"KAC","10:02:16","APCL","2",8997,NULL,637
"KAC","10:05:24","APCL","3",8998,NULL,638
"KAC","10:12:01","APCL","4",9000,"TOTALLY IN THE SAND, DIFFICULT TO FIND A PLACE TO TAG SO THE TAG IS OFF IN THE ROCKS",639
"KAC","10:16:57","APCL","11",9002,NULL,640
"KAC","10:20:01","APCL","3",9003,NULL,641
"KAC","10:36:28","APCL","5",9007,NULL,642
"KAC","10:39:32","APCL","9",9008,NULL,643
"KAC","10:45:13","APCL","11",9010,"UNREADABLE ON ANEM DATA SHEET, 1254 ON CLOWNFISH DATA SHEET",644
"KAC","11:08:27","APCL","11",9011,NULL,645
"KAC","12:42:54","APCL","2",9012,NULL,646
"KAC","12:47:44","APCL","7",9013,NULL,647
"KAC","12:57:27","APCL","11",9017,NULL,648
"KAC","13:28:50","APCL","10",9023,NULL,649
"KAC","14:00:00","APCL","10",9024,NULL,650
"KAC","14:16:39","APCL","4",9025,NULL,651
"KAC","14:31:49","APCL","2",9026,"UNREADABLE ON ANEM DATA SHEET, 1252 ON CLOWNFISH DATA SHEET",652
"MRS","10:13:00","APCL","8",9027,"Fish basket was next to this anem id, but anem was not recorded by KAC",653
"MRS, G_S","09:26:00","APCL"," 8",7532,"APPE 3. 0, 5",654
"G_S","10:35:08","APPE","7",8102,NULL,655
"G_S","10:43:29","APPE","7",8105,NULL,656
"G_S","10:45:00","APPE","7",8107,NULL,657
"G_S","10:45:43","APPE","6",8108,NULL,658
"G_S","10:48:17","APCL","9",8111,NULL,659
"G_S","10:48:17","APPE","10",8112,NULL,660
"G_S","11:00:40","APCL","10",8113,NULL,661
"G_S","11:10:43","APCL","12",8114,NULL,662
"G_S","11:27:40","APCL","11",8117,NULL,663
"G_S","11:43:02","APCL","10",8119,NULL,664
"G_S","11:49:36","APCL"," 1",8120,NULL,665
"G_S","11:55:12","APCL","10",8121,NULL,666
"G_S","14:14:10","APCL","7",8126,NULL,667
"G_S","14:26:07","APCL","5",8128,NULL,668
"G_S","14:31:35","APCL","3",8129,NULL,669
"G_S","14:47:43","APCL","6",8131,NULL,670
"G_S","14:57:10","APCL","10",8132,NULL,671
"G_S","15:11:07","APCL","9",8133,NULL,672
"G_S","09:46:46","APCL","7",8134,NULL,673
"G_S","09:56:42","APCL","4",8135,NULL,674
"G_S","10:06:26","APCL","5",8136,NULL,675
"G_S","10:14:24","APCL","3",8137,NULL,676
"G_S","10:23:40","APCL","8",8138,NULL,677
"G_S","10:34:32","APCL","5",8139,NULL,678
"G_S","10:50:36","APCL","4",8140,NULL,679
"G_S","10:58:22","APCL","7",8141,NULL,680
"G_S","11:11:28","APCL","10",8142,NULL,681
"G_S","11:23:35","APCL","3",8143,NULL,682
"G_S","11:33:52","APCL","3",8144,NULL,683
"G_S","09:36:20","APCL","8",8145,NULL,684
"G_S","10:01:00","APFR","2",8147,NULL,685
"G_S","10:01:02","APCL","10",8148,NULL,686
"G_S","10:19:33","APCL","2",8150,NULL,687
"G_S","10:21:22","APCL","5",8151,NULL,688
"G_S","10:29:58","APCL","10",8152,NULL,689
"G_S","10:43:45","APCL","7",8153,NULL,690
"G_S","10:48:17","APCL","2",8154,NULL,691
"G_S","10:58:10","APCL","1",8155,NULL,692
"G_S","11:03:02","APCL","12",8156,NULL,693
"G_S","12:35:34","APCL","11",8158,NULL,694
"G_S","12:40:47","APCL","4",8159,NULL,695
"G_S","12:57:32","APCL","5",8161,NULL,696
"G_S","13:10:55","APCL","11",8163,NULL,697
"G_S","13:23:24","APCL","10",8164,NULL,698
"G_S","13:29:51","APCL","2",8165,NULL,699
"G_S","13:41:55","APCL","10",8166,NULL,700
"G_S","13:59:05","APCL","9",8167,NULL,701
"G_S","14:08:25","APCL","10",8168,NULL,702
"G_S","14:13:05","APCL","3",8169,NULL,703
"G_S","14:25:45","APCL","10",8170,NULL,704
"G_S","14:34:16","APCL","8",8171,NULL,705
"G_S","09:55:20","APCL","3",8172,NULL,706
"G_S","10:05:45","APCL","9",8173,NULL,707
"G_S","10:15:26","APCL","9",8174,NULL,708
"G_S","10:22:20","APCL","11",8175,NULL,709
"G_S","10:35:32","APCL","8",8176,NULL,710
"G_S","10:41:13","APCL","1",8177,NULL,711
"G_S","11:07:46","APCL","1",8178,NULL,712
"MLP","10:35:00","APCL"," 4",8186,NULL,713
"MLP","10:40:00","APCL"," 8",8187,NULL,714
"MLP","10:44:00","APPE"," 4",8189,NULL,715
"MLP","10:46:00","APCL"," 4",8190,NULL,716
"MLP","10:51:00","APCL"," 2",8191,"BLACK, APSA 2, APPE 3",717
"MLP","10:57:00","APCL"," 3",8194,"APPE 3",718
"MLP","11:40:00","APPE"," 2",8195,"APCL 1",719
"MLP","11:47:00","APPE"," 4",8197,NULL,720
"MLP","11:50:00","APFR"," 8",8199,NULL,721
"MLP","11:51:00","APPE"," 5",8200,NULL,722
"MLP","12:06:00","APPE"," 4",8204,NULL,723
"MLP","12:06:00","APPE"," 6",8205,NULL,724
"MLP","12:11:00","APCL"," 12",8206,"APPE 2, CAUGHT 1",725
"MLP","14:02:00","APPE"," 6",8207,NULL,726
"MLP","14:06:00","APPE"," 5",8209,NULL,727
"MLP","14:07:00","APPE"," 3",8210,NULL,728
"MLP","14:09:00","APPE"," 3",8211,NULL,729
"MLP","14:11:00","APPE"," 5",8212,NULL,730
"MLP","14:12:00","APCL"," 10",8213,NULL,731
"MLP","14:18:00","APCL"," 10",8214,NULL,732
"MLP","14:22:00","APCL"," 2",8215,NULL,733
"MLP","14:43:00","APCL"," 12",8217,NULL,734
"MLP","14:53:00","APPE"," 2",8218,NULL,735
"MLP","14:53:00","APPE"," 3",8219,NULL,736
"MLP","15:17:00","APCL"," 5",8220,NULL,737
"MLP","10:00:00","APPE"," 6",8222,"REPEAT OBSV FROM 5/18",738
"MLP","10:10:00","APCL"," 2",8225,NULL,739
"MLP","10:17:00","APPE"," 1",8229,NULL,740
"MLP","10:17:00","APPE"," 5",8230,NULL,741
"MLP","10:23:00","APPE"," 5",8234,NULL,742
"MLP","10:26:00","APPE"," 4",8236,"REPEAT OBSV FROM 5/18",743
"MLP","10:27:00","APPE"," 8",8237,NULL,744
"MLP","10:32:00","APCL"," 4",8238,NULL,745
"MLP","10:35:00","APCL"," 8",8239,"APFR 2",746
"MLP","10:42:00","APPE"," 4",8240,NULL,747
"MLP","10:55:00","APCL"," 3",8242,NULL,748
"MLP","11:05:00","APCL"," 3",8244,NULL,749
"MLP","11:10:00","APFR"," 3",8245,NULL,750
"MLP","11:13:00","APCL"," 10",8246,NULL,751
"MLP","11:16:00","APPE"," 3",8247,NULL,752
"MLP","11:19:00","APPE"," 5",8248,NULL,753
"MLP","11:22:00","APPE"," 6",8250,NULL,754
"MLP","11:25:00","APCL"," 8",8251,NULL,755
"MLP","11:28:00","APCL"," 9",8252,NULL,756
"MLP","11:28:00","APPE"," 2",8252,NULL,757
"MLP","11:30:00","APPE"," 6",8254,NULL,758
"MLP","11:31:00","APCL"," 9",8255,NULL,759
"MLP","11:42:00","APPE"," 6",8256,NULL,760
"MLP","11:46:00","APPE"," 4",8258,NULL,761
"MRS","11:58:00","APCL","10",8260,"This anem tag was added on this dive but not recorded by the anem surveyor, fish collector recorded anem closest to fish basket.",762
"KAC, MLP","13:09:00","APCL"," 6",8261,NULL,763
"MRS","13:21:00","APCL","10",8263,"This anem tag was not recorded by the anem surveyor during this dive, fish collector recorded anem closest to fish basket.",764
"KAC, MLP","13:23:00","APCL","10",8264,NULL,765
"KAC, MLP","13:25:00","APFR","5",8265,NULL,766
"KAC, MLP","13:35:00","APPE","4",8267,NULL,767
"KAC, MLP","13:36:00","APCL","9",8268,NULL,768
"KAC, MLP","13:39:00","APPE","4",8269,NULL,769
"KAC, MLP","13:40:00","APPE","4",8270,NULL,770
"KAC, MLP","13:42:00","APPE","2",8271,NULL,771
"KAC, MLP","13:45:00","APCL","5",8272,NULL,772
"KAC, MLP","13:48:00","APCL","5",8273,NULL,773
"KAC, MLP","13:52:00","APPE","5",8274,NULL,774
"KAC, MLP","13:56:00","APPE","5",8275,NULL,775
"KAC, MLP","13:59:00","PRBI","5",8276,NULL,776
"KAC, MLP","14:01:00","APPE","3",8277,NULL,777
"KAC, MLP","14:05:00","APPE","5",8280,NULL,778
"KAC, MLP","14:08:00","APCL","9",8281,"1 APPE, 2cm",779
"KAC, MLP","14:13:00","APPE","4",8282,NULL,780
"KAC, MLP","14:16:00","APFR","7",8283,NULL,781
"KAC, MLP","14:17:00","APCL","9",8284,NULL,782
"KAC, MLP","14:27:00","APPE","5",8286,NULL,783
"KAC, MLP","14:30:00","APPE","4",8287,NULL,784
"KAC, MLP","14:31:00","APPE","4",8288,NULL,785
"KAC, MLP","14:37:00","APCL","6",8290,"1 APPE, 1cm; black APCL was not caught, 10cm, not sure which anemone but might be this one",786
"KAC, MLP","14:45:00","APCL","4",8291,"1 APPE, no anem ID written down, believe based on coordinates that this is 2195 although it could be 486",787
"KAC","10:28:32","APPE","6",8292,NULL,788
"KAC","10:31:20","APCL","9",8293,NULL,789
"KAC","10:33:40","APPE","4",8294,NULL,790
"KAC","10:35:09","APCL","5",8295,NULL,791
"KAC","10:37:00","APPE","4",8296,NULL,792
"KAC","10:38:36","APCL","10",8297,"from earlier, fins clipped by Michelle and Gerry",793
"KAC","10:40:35","APPE","4",8298,NULL,794
"KAC","10:43:42","APCL","5",8300,NULL,795
"KAC","10:44:53","APPE","4",8301,NULL,796
"KAC","10:46:09","APCL","10",8302,"clipped by Michelle and Gerry earlier",797
"KAC","10:48:28","APPE","5",8303,NULL,798
"KAC","10:49:44","APPE","3",8304,NULL,799
"KAC","10:51:25","APPE","4",8305,NULL,800
"KAC","10:54:00","APPE","4",8307,NULL,801
"KAC","10:54:48","APPE","3",8308,NULL,802
"KAC","11:00:28","APCL","2",8309,"larger fish fin clipped",803
"KAC","11:02:14","APPE","2",8310,NULL,804
"KAC","11:02:14","APCL","7",8312,NULL,805
"KAC","11:02:14","APPE","5",8313,NULL,806
"KAC","11:09:45","APPE","4",8314,NULL,807
"KAC","11:12:14","APCL","9",8315,NULL,808
"KAC","11:19:00","APCL","9",8316,"eggs!",809
"KAC","11:34:11","APPE","4",8317,NULL,810
"KAC","11:36:17","APOC","5",8318,NULL,811
"KAC","11:37:17","APCL","7",8319,NULL,812
"KAC","11:41:43","APPE","4",8322,NULL,813
"KAC","11:43:08","APPE","3",8323,NULL,814
"MRS","11:44:00","APPE","2",8324,NULL,815
"KAC","11:44:00","APCL","11",8325,NULL,816
"KAC","11:47:23","APPE","4",8326,NULL,817
"KAC","12:02:31","APCL","2",8328,NULL,818
"KAC","12:02:31","APCL","3",8329,NULL,819
"KAC","12:06:51","APPE","3",8330,NULL,820
"KAC","13:35:38","APPE","3",8332,NULL,821
"KAC","13:36:00","APPE","1",8333,NULL,822
"KAC","13:43:43","APCL","10",8334,"repeat observation from 5/19, survey 31",823
"KAC","13:44:12","APPE","4",8336,NULL,824
"KAC","13:45:22","APPE","2",8337,NULL,825
"KAC","13:45:30","APCL","9",8338,"10 was clipped, caught 9",826
"KAC","13:52:30","APCL","8",8342,"why is one clipped?",827
"KAC","14:01:13","APFR","8",8345,NULL,828
"KAC","14:05:49","APCL","9",8346,NULL,829
"KAC","14:23:54","APPE","4",8352,NULL,830
"KAC","14:25:19","APPE","5",8353,NULL,831
"KAC","14:26:21","APPE","4",8355,NULL,832
"KAC","14:34:05","APCL","7",8357,NULL,833
"KAC","14:39:45","APPE","4",8360,NULL,834
"KAC","14:45:33","APPE","3",8361,NULL,835
"KAC","14:56:16","APPE","4",8365,NULL,836
"KAC","14:57:04","APPE","5",8366,NULL,837
"KAC","09:39:42","APCL","5",8367,NULL,838
"KAC","09:49:07","APCL","8",8369,"1 APPE, 3cm",839
"KAC","09:51:41","APCL","6",8370,NULL,840
"KAC","10:08:00","APCL","8",8372,NULL,841
"KAC","10:19:17","APPE","4",8375,NULL,842
"KAC","12:41:18","APCL","2",8380,NULL,843
"KAC","12:44:21","APCL","2",8381,NULL,844
"KAC","12:53:22","APCL","3",8383,"1 APPE, 2cm",845
"KAC","12:58:04","APCL","2",8384,"2 APPE, 4cm, 3cm",846
"KAC","13:43:34","APCL","2",8389,NULL,847
"KAC","13:46:25","APPE","6",8390,NULL,848
"KAC","14:09:15","APCL","3",8392,NULL,849
"KAC","14:10:13","APCL","3",8393,NULL,850
"KAC","09:51:51","APCL","6",8394,NULL,851
"KAC","10:31:36","APCL","8",8399,NULL,852
"KAC","10:33:10","APPE","4",8400,NULL,853
"KAC","10:45:42","APCL","4",8402,"1 APPE, 4cm",854
"KAC","10:48:59","APCL","7",8404,NULL,855
"KAC","11:35:00","APCL","3",8405,"1 APPE, 3cm",856
"KAC","13:33:45","APPE","3",8407,NULL,857
"MRS","13:35:00","APCL","8",8408,"This anem tag was added on this dive but not recorded by the anem surveyor, fish collector recorded anem closest to fish basket.",858
"KAC","13:48:34","APPE","6",8409,NULL,859
"KAC","13:57:18","APPE","5",8413,NULL,860
"KAC","14:03:52","APCL","6",8416,NULL,861
"KAC","14:20:05","APCL","7",8418,NULL,862
"KAC","14:25:15","APCL","8",8421,NULL,863
"KAC","08:59:17","APPE","5",8423,NULL,864
"KAC","09:01:14","APPE","4",8424,NULL,865
"KAC","09:06:12","APCL","11",8426,"no eggs",866
"KAC","09:46:21","APCL","3",8427,"no eggs",867
"KAC","09:57:21","APCL","5",8428,"2 APPE, 3cm, 3cm",868
"KAC","10:24:50","APPE","7",8429,NULL,869
"KAC","12:06:10","APCL","4",8430,"wiley",870
"KAC","08:33:13","APCL","5",8434,NULL,871
"KAC","09:27:23","APCL","6",8436,NULL,872
"KAC","09:29:51","APCL","5",8437,NULL,873
"KAC","09:38:19","APCL","4",8438,NULL,874
"KAC","10:24:19","APCL","7",8439,"APPE 3cm",875
"KAC","11:47:09","APCL","4",8440,NULL,876
"KAC","11:59:47","APCL","7",8441,NULL,877
"KAC","12:31:20","APCL","3",8444,"no eggs",878
"KAC","12:40:08","APFR","6",8445,NULL,879
"KAC","12:55:47","APCL","11",8446,"1 APPE",880
"KAC","09:30:10","APCL"," 11",8447,"1 APPE 4 CM",881
"KAC","09:47:11","APCL","3",8448,NULL,882
"KAC","09:56:39","APCL"," 10",8449,NULL,883
"KAC","10:02:01","APFR"," 9",8450,NULL,884
"KAC","10:06:14","APCL"," 10",8452,"1 APPE 4, EGGS, 1 ESCAPEE, OR SMALLER OF 2674…",885
"KAC","10:10:33","APCL"," 10",8453,"2 APPE 3, 4",886
"KAC","10:28:09","APFR"," 7",8455,NULL,887
"KAC","10:30:58","APFR"," 13",8456,NULL,888
"KAC","10:48:17","APFR"," 8",8462,NULL,889
"KAC","10:53:50","APCL"," 5",8463,NULL,890
"KAC","10:55:11","APFR"," 9",8464,NULL,891
"KAC","11:02:10","APSE"," 5",8465,NULL,892
"KAC","11:07:58","APFR"," 4",8466,NULL,893
"KAC","11:10:16","APFR"," 7",8467,"RED ANEMONE",894
"KAC","12:46:38","APCL"," 9",8469,"2 APPE 3CM",895
"MRS","12:49:00","APCL"," 2",8470,"This anem tag was added on this dive but not recorded by the anem surveyor, fish collector recorded anem closest to fish basket.",896
"KAC","12:52:42","APFR"," 12",8471,NULL,897
"KAC","12:56:30","APPE"," 5",8472,NULL,898
"KAC","13:05:33","APCL"," 8",8473,NULL,899
"KAC","13:56:40","APCL"," 11",8474,NULL,900
"KAC","14:01:53","APCL"," 4",8475,NULL,901
"KAC","09:20:10","APCL","9",8476,"1 appe 4cm",902
"KAC","09:35:53","APPE","7",8477,NULL,903
"KAC","09:38:42","APCL","8",8478,NULL,904
"KAC","11:06:43","APCL","3",8480,NULL,905
"KAC","11:23:23","APCL","8",8483,NULL,906
"KAC","11:28:43","APFR","7",8484,NULL,907
"KAC","11:38:52","APCL","10",8485,NULL,908
"KAC","11:48:30","APCL","8",8486,NULL,909
"KAC","12:03:50","APCL","7",8488,NULL,910
"KAC","12:08:55","APPE","6",8489,NULL,911
"KAC","12:20:20","APCL","8",8491,"1 APPE 3CM",912
"KAC","12:35:30","APCL","4",8494,NULL,913
"KAC","10:29:05","APCL","8",8495,NULL,914
"KAC","10:29:05","APCL","7",8496,NULL,915
"KAC","10:29:05","APPE","4",8497,NULL,916
"KAC","10:45:11","APCL","7",8499,NULL,917
"KAC","10:50:31","APCL","7",8500,"1 APPE 2CM",918
"KAC","10:57:34","APPE","2",8502,NULL,919
"KAC","11:05:31","APPE","4",8504,NULL,920
"KAC","11:12:57","APCL","9",8505,NULL,921
"KAC","11:22:15","APCL","6",8506,NULL,922
"KAC","11:56:05","APCL","5",8513,NULL,923
"KAC","11:59:20","APCL","9",8514,NULL,924
"KAC","12:25:27","APCL","4",8515,NULL,925
"KAC","12:37:40","APPE","4",8517,NULL,926
"KAC","12:44:00","APCL","4",8518,NULL,927
"KAC","12:47:56","APCL","6",8519,NULL,928
"KAC","09:19:22","APCL","2",8520,NULL,929
"KAC","09:19:22","APCL","8",8521,NULL,930
"KAC","09:19:22","APCL","6",8522,"terribly tagged, no good place, sorry",931
"KAC","09:35:26","APCL","6",8527,NULL,932
"KAC","09:49:29","APCL","5",8533,NULL,933
"KAC","09:49:29","APCL","6",8534,NULL,934
"KAC","10:01:47","APCL","10",8544,NULL,935
"KAC","10:17:09","APCL","8",8546,NULL,936
"KAC","10:24:01","APCL","6",8549,NULL,937
"KAC","10:26:24","APCL","3",8550,NULL,938
"KAC","10:29:00","APCL","8",8551,NULL,939
"KAC","10:32:00","APCL","9",8553,NULL,940
"KAC","10:35:13","APCL","6",8554,NULL,941
"KAC","11:01:00","APCL","6",8556,NULL,942
"KAC","11:05:44","APCL","9",8559,NULL,943
"KAC","11:21:13","APCL","4",8560,NULL,944
"KAC","13:13:13","APCL","3",8562,NULL,945
"KAC","13:18:00","APFR","6",8567,NULL,946
"KAC","13:21:00","APCL","8",8569,NULL,947
"KAC","13:21:00","APFR","5",8570,NULL,948
"KAC","13:31:19","APCL","8",8573,NULL,949
"KAC","13:36:14","APCL","8",8577,NULL,950
"KAC","13:46:57","APCL","5",8584,NULL,951
"KAC","13:58:18","APCL","8",8595,NULL,952
"KAC","14:02:03","APCL","5",8598,NULL,953
"KAC","14:08:51","APCL","9",8603,NULL,954
"KAC","14:19:35","APCL","",8606,NULL,955
"KAC","14:53:00","APCL","10",8619,NULL,956
"KAC","15:01:00","APCL","9",8620,NULL,957
"KAC","15:04:45","APCL","7",8621,NULL,958
"KAC","12:04:03","APCL","4",8629,NULL,959
"KAC","12:07:23","APCL","5",8632,NULL,960
"KAC","12:10:56","APCL","7",8633,NULL,961
"KAC","12:16:09","APCL","10",8637,"WROTE 2762 on the datasheet twice, this one is 2764, I think",962
"KAC","12:19:51","APCL","5",8638,NULL,963
"KAC","12:23:20","APCL","9",8639,NULL,964
"KAC","12:29:27","APCL","3",8642,NULL,965
"KAC","12:30:38","APCL","7",8643,NULL,966
"KAC","12:33:23","APCL","5",8644,NULL,967
"KAC","12:41:44","APCL","6",8645,NULL,968
"KAC","12:46:56","APCL","2",8647,NULL,969
"KAC","13:06:10","APCL","3",8653,NULL,970
"KAC","13:12:28","APCL","4",8658,NULL,971
"KAC","13:18:42","APCL","8",8659,NULL,972
"KAC","13:19:16","APCL","3",8660,NULL,973
"KAC","13:23:57","APCL","9",8661,NULL,974
"KAC","13:26:24","APCL","3",8662,NULL,975
"KAC","13:34:43","APCL","9",8665,NULL,976
"KAC","14:09:13","APCL","3",8667,NULL,977
"KAC","11:13:23","APFR","11",8668,NULL,978
"KAC","11:16:00","APCL","9",8669,NULL,979
"KAC","11:18:41","APCL","11",8671,NULL,980
"KAC","11:23:30","APCL","8",8673,NULL,981
"KAC","11:27:28","APCL","9",8674,"WEIRD VIBRATING",982
"KAC","11:31:09","APCL","4",8675,NULL,983
"KAC","11:32:50","APCL","12",8676,"UNSURE OF FISH SPECIES, 3 WHITE BANDS, DARK RED",984
"KAC","11:37:41","APCL","4",8677,"WEIRD VIBRATING",985
"KAC","11:43:01","APCL","4",8679,NULL,986
"KAC","11:46:15","APFR","10",8681,NULL,987
"KAC","12:03:44","APCL","1",8684,"NO ANEM ID WRITTEN ON DATASHEET, ASSUMING 2782 BECAUSE MISSING NUMBER",988
"KAC","12:10:03","APCL","5",8688,NULL,989
"KAC","10:21:32","APCL"," 3",8690,NULL,990
"KAC","10:23:25","APCL"," 2",8691,NULL,991
"KAC","10:25:00","APCL"," 3",8693,NULL,992
"KAC","10:27:19","APCL"," 3",8694,NULL,993
"KAC","10:31:44","APCL"," 10",8695,NULL,994
"KAC","10:36:38","APCL"," 3",8697,NULL,995
"KAC","10:43:57","APCL"," 11",8702,NULL,996
"KAC","10:57:02","APCL"," 11",8704,"next to 2781 from 6/3",997
"KAC","11:02:32","APCL"," 4",8705,NULL,998
"KAC","11:03:34","APCL"," 10",8706,NULL,999
"KAC","11:13:25","APCL"," 4",8709,NULL,1000
"KAC","11:25:18","APCL"," 6",8710,NULL,1001
"KAC","11:32:14","APCL"," 9",8711,NULL,1002
"KAC","14:01:04","APCL"," 10",8712,NULL,1003
"KAC","14:09:09","APCL"," 2",8714,NULL,1004
"KAC","14:19:26","APCL"," 7",8717,NULL,1005
"KAC","14:19:53","APCL"," 10",8718,NULL,1006
"KAC","14:26:25","APCL"," 11",8719,NULL,1007
"KAC","14:32:31","APCL"," 4",8720,NULL,1008
"KAC","14:35:05","APCL"," 7",8721,NULL,1009
"KAC","14:38:35","APCL"," 10",8722,"anem observer wrote unreadable for old anem id on datasheet, MRS wrote 406 on her clownfish data sheet",1010
"KAC","14:42:38","APCL"," 3",8723,NULL,1011
"KAC","14:47:39","APCL"," 4",8724,NULL,1012
"KAC","14:52:00","APCL"," 3",8725,NULL,1013
"KAC","14:56:13","APCL"," 5",8727,NULL,1014
"KAC","14:59:19","APCL"," 8",8728,"1 APFR",1015
"KAC","15:09:38","APCL"," 10",8730,NULL,1016
"KAC","15:37:53","APCL"," 10",8733,NULL,1017
"KAC","15:42:38","APCL"," 1",8735,NULL,1018
"KAC","11:25:33","APCL"," 9",8740,"MRS added 2897 later because 2897 was the first anem on the clownfish survey sheet for this dive, the tag was read in the field, added during this dive but not recorded",1019
"KAC","11:28:40","APCL"," 6",8743,NULL,1020
"KAC","11:35:41","APCL"," 4",8745,NULL,1021
"KAC","11:40:52","APCL"," 2",8746,NULL,1022
"KAC","11:48:32","APCL"," 12",8747,NULL,1023
"KAC","11:53:52","APCL","2",8749,NULL,1024
"KAC","11:55:56","APCL"," 6",8750,NULL,1025
"KAC","11:58:10","APCL"," 3",8751,NULL,1026
"KAC","12:10:29","APCL"," 12",8754,NULL,1027
"KAC","12:14:38","APCL"," 7",8755,NULL,1028
"KAC","12:17:28","APCL"," 3",8756,NULL,1029
"KAC","12:19:18","APCL"," 12",8757,NULL,1030
"KAC","13:50:31","APCL"," 11",8759,"1 tiny APFR",1031
"KAC","13:54:13","APCL"," 12",8762,NULL,1032
"KAC","14:01:30","APCL"," 4",8763,"could be 2168, there is some confusion between data sheets",1033
"KAC","14:03:33","APCL"," 5",8764,"anem id could be 2187, there is some confusion between datasheets",1034
"KAC","14:07:51","APCL"," 3",8765,NULL,1035
"KAC","14:12:39","APCL"," 5",8768,NULL,1036
"KAC","14:17:04","APCL"," 4",8769,NULL,1037
"KAC","14:23:23","APCL"," 11",8772,NULL,1038
"KAC","14:29:17","APCL"," 12",8773,NULL,1039
"KAC","14:34:23","APCL"," 6",8775,NULL,1040
"KAC","14:43:00","APCL"," 10",8776,NULL,1041
"KAC","15:00:33","APCL"," 8",8777,NULL,1042
"KAC","15:03:54","APCL"," 8",8778,NULL,1043
"KAC","15:06:39","APCL"," 2",8779,NULL,1044
"KAC","15:36:24","APCL"," 8",8780,NULL,1045
"KAC","15:40:17","APCL"," 11",8781,NULL,1046
"KAC","10:34:21","APCL","11",8791,NULL,1047
"KAC","10:36:43","APCL"," 9",8792,NULL,1048
"KAC","10:40:53","APCL"," 7",8793,NULL,1049
"KAC","10:45:08","APCL"," 10",8794,NULL,1050
"KAC","10:53:51","APCL"," 8",8796,NULL,1051
"KAC","11:00:50","APCL"," 5",8797,NULL,1052
"KAC","11:03:53","APCL"," 9",8798,NULL,1053
"KAC","11:30:15","APCL"," 2",8805,NULL,1054
"KAC","11:32:26","APCL"," 8",8806,NULL,1055
"KAC","11:52:20","APCL"," 11",8809,"3 APPE",1056
"KAC","12:04:04","APCL"," 10",8810,NULL,1057
"KAC","12:07:15","APCL"," 12",8811,NULL,1058
"KAC","12:11:20","APCL"," 4",8812,NULL,1059
"KAC","12:21:07","APCL"," 3",8813,NULL,1060
"KAC","08:33:40","APCL","10",8814,"1 tiny APFR",1061
"KAC","08:52:13","APCL","4",8815,NULL,1062
"KAC","09:06:43","APCL","9",8816,NULL,1063
"MRS","09:15:00","APCL","6",8818,"MRS saw this anem, vis was too bad to navigate back to it with G_S and KAC",1064
"KAC","10:51:49","APCL","9",8826,NULL,1065
"KAC","11:07:14","APCL","10",8830,NULL,1066
"KAC","08:55:48","APCL","10",8833,NULL,1067
"KAC","09:06:41","APCL","4",8834,NULL,1068
"KAC","09:22:03","APCL","13",8835,NULL,1069
"KAC","09:30:35","APCL","13",8837,"NOT CAUGHT",1070
"KAC","09:38:22","APCL","11",8839,"3 APPE",1071
"KAC","10:00:42","APCL","4",8842,NULL,1072
"KAC","10:06:13","APCL","4",8844,NULL,1073
"KAC","10:09:42","APCL","3",8845,NULL,1074
"KAC","12:11:07","APCL","5",8849,"MRS THINKS THESE ARE STHD",1075
"KAC","12:16:18","APCL","3",8850,"MRS THINKS THESE ARE STHD",1076
"KAC","12:23:18","APCL","2",8852,NULL,1077
"KAC","09:53:41","APCL","11",8857,NULL,1078
"KAC","09:55:59","APCL","5",8858,NULL,1079
"KAC","10:00:53","APCL","10",8859,"1 APPE",1080
"KAC","10:29:29","APCL","11",8870,NULL,1081
"KAC","10:39:53","APCL","3",8874,NULL,1082
"KAC","13:32:32","APCL","5",8875,NULL,1083
"KAC","13:36:34","APCL","11",8876,NULL,1084
"KAC","13:43:27","APCL","7",8881,"VIE TAG? HID BIG O",1085
"KAC","13:49:52","APCL","9",8883,NULL,1086
"KAC","13:56:28","APCL","10",8885,NULL,1087
"KAC","14:12:00","APCL","9",8887,NULL,1088
"KAC","14:13:39","APCL","4",8888,NULL,1089
"KAC","14:13:39","APCL","8",8889,NULL,1090
"KAC","14:19:46","APCL","5",8890,NULL,1091
"KAC","14:25:25","APCL","13",8892,NULL,1092
"KAC","14:50:18","APCL","1",8896,NULL,1093
"KAC","14:57:59","APCL","2",8897,NULL,1094
"KAC","15:02:00","APCL","9",8901,NULL,1095
"KAC","09:29:36","APCL","4",8905,NULL,1096
"KAC","09:35:54","APCL","11",8906,"1 APFR TINY FISH",1097
"KAC","09:38:05","APCL","9",8907,NULL,1098
"KAC","09:18:57","APCL","4",8912,"ANOTHER ANEMONE WAS WRITTEN AS 2884, THINK THAT ONE WAS 2885 HOWEVER THERE IS A CHANCE THIS ANEMONE WAS UNTAGGED.",1099
"KAC","09:27:20","APCL","11",8918,NULL,1100
"KAC","09:32:05","APCL","10",8919,NULL,1101
"KAC","09:36:59","APCL","11",8921,NULL,1102
"KAC","09:48:00","APCL","11",8923,NULL,1103
"KAC","09:50:52","APCL","11",8924,NULL,1104
"KAC","10:09:41","APCL","11",8930,NULL,1105
"KAC","10:18:50","APCL","5",8934,NULL,1106
"KAC","10:23:20","APCL","11",8935,NULL,1107
"KAC","10:26:34","APCL","7",8936,NULL,1108
"KAC","10:34:42","APCL","11",8937,NULL,1109
"KAC","10:55:03","APCL","9",8941,NULL,1110
"KAC","10:57:14","APCL","11",8943,NULL,1111
"KAC","10:57:15","APCL","8",8944,NULL,1112
"KAC","08:20:45","APCL","10",8946,NULL,1113
"KAC","08:43:04","APCL","5",8947,NULL,1114
"KAC","08:46:15","APCL","7",8948,NULL,1115
"KAC","08:47:38","APCL","5",8949,NULL,1116
"KAC","08:54:46","APCL","5",8950,NULL,1117
"KAC","13:12:36","APCL","11",8951,NULL,1118
"KAC","13:18:54","APCL","10",8954,NULL,1119
"KAC","13:19:25","APCL","10",8955,NULL,1120
"KAC","13:27:04","APCL","9",8956,NULL,1121
"KAC","13:28:45","APCL","9",8957,NULL,1122
"KAC","13:54:00","APCL","9",8963,NULL,1123
"KAC","13:54:00","APCL","2",8964,NULL,1124
"KAC","08:33:15","APCL","5",8973,NULL,1125
"KAC","08:41:48","APCL","8",8976,NULL,1126
"KAC","08:59:55","APCL","9",8979,NULL,1127
"KAC","09:35:49","APCL","3",8980,"TAG PULLED OUT, HAMMERED IT BACK IN",1128
"KAC","09:58:30","APCL","3",8982,NULL,1129
"KAC","10:17:30","APCL","6",8984,"NO TAG BUT REMEMBER TAGGING EARLIER IN THE SEASON SO MUST HAVE LOST TAG",1130
"KAC","10:30:52","APCL","4",8985,"POSSIBLY 5 FISH, THE EXTRA WOULD BE 8…GERRY THINKS 4 FISH, KATRINA THINKS 5",1131
"KAC","09:10:40","APCL","11",8987,NULL,1132
"KAC","09:16:21","APCL","10",8988,NULL,1133
"KAC","09:23:01","APCL","3",8989,NULL,1134
"KAC","09:46:00","APCL","10",8991,NULL,1135
"KAC","09:53:06","APCL","3",8995,NULL,1136
"KAC","10:02:16","APCL","5",8997,NULL,1137
"KAC","10:05:24","APCL","10",8998,NULL,1138
"KAC","10:16:57","APCL","12",9002,NULL,1139
"KAC","10:20:01","APCL","4",9003,NULL,1140
"KAC","10:36:28","APCL","2",9007,NULL,1141
"KAC","10:39:32","APCL","8",9008,NULL,1142
"KAC","10:45:13","APCL","9",9010,"UNREADABLE ON ANEM DATA SHEET, 1254 ON CLOWNFISH DATA SHEET",1143
"KAC","12:42:54","APCL","10",9012,NULL,1144
"KAC","12:47:44","APCL","4",9013,NULL,1145
"KAC","12:57:27","APCL","12",9017,NULL,1146
"KAC","13:28:50","APCL","9",9023,NULL,1147
"KAC","14:00:00","APCL","9",9024,NULL,1148
"KAC","14:16:39","APCL","8",9025,NULL,1149
"KAC","14:31:49","APCL","8",9026,"UNREADABLE ON ANEM DATA SHEET, 1252 ON CLOWNFISH DATA SHEET",1150
"MRS, G_S","09:26:00","APCL"," 8",7532,"APPE 3. 0, 5",1151
"G_S","10:45:00","APPE","8",8107,NULL,1152
"G_S","11:55:12","APCL","1",8121,NULL,1153
"G_S","09:56:42","APCL","2",8135,NULL,1154
"G_S","10:06:26","APCL","6",8136,NULL,1155
"G_S","10:14:24","APCL","2",8137,NULL,1156
"G_S","10:23:40","APCL","3",8138,NULL,1157
"G_S","10:34:32","APCL","3",8139,NULL,1158
"G_S","10:50:36","APCL","7",8140,NULL,1159
"G_S","11:33:52","APCL","2",8144,NULL,1160
"G_S","09:36:20","APCL","3",8145,NULL,1161
"G_S","10:21:22","APCL","7",8151,NULL,1162
"G_S","10:58:10","APCL","1",8155,NULL,1163
"G_S","12:40:47","APCL","3",8159,NULL,1164
"G_S","13:10:55","APCL","9",8163,NULL,1165
"G_S","13:23:24","APCL","2",8164,NULL,1166
"G_S","13:41:55","APCL","10",8166,NULL,1167
"G_S","14:08:25","APCL","3",8168,NULL,1168
"G_S","14:13:05","APCL","2",8169,NULL,1169
"G_S","09:55:20","APCL"," 11",8172,NULL,1170
"G_S","10:41:13","APCL","10",8177,NULL,1171
"G_S","11:07:46","APCL","2",8178,NULL,1172
"MLP","10:40:00","APCL"," 4",8187,NULL,1173
"MLP","10:51:00","APCL"," 3",8191,"BLACK, APSA 2, APPE 3",1174
"MLP","11:40:00","APPE"," 1",8195,"APCL 1",1175
"MLP","11:51:00","APPE"," 8",8200,NULL,1176
"MLP","14:02:00","APPE"," 1",8207,NULL,1177
"MLP","14:07:00","APPE"," 4",8210,NULL,1178
"MLP","14:12:00","APCL"," 12",8213,NULL,1179
"MLP","14:22:00","APCL"," 5",8215,NULL,1180
"MLP","14:43:00","APCL"," 5",8217,NULL,1181
"MLP","14:53:00","APPE"," 1",8218,NULL,1182
"MLP","15:17:00","APCL"," 2",8220,NULL,1183
"MLP","10:00:00","APPE"," 1",8222,"REPEAT OBSV FROM 5/18",1184
"MLP","10:17:00","APPE"," 3",8229,NULL,1185
"MLP","10:26:00","APPE"," 4",8236,"REPEAT OBSV FROM 5/18",1186
"MLP","10:32:00","APCL"," 3",8238,NULL,1187
"MLP","10:42:00","APPE"," 4",8240,NULL,1188
"MLP","11:05:00","APCL"," 10",8244,NULL,1189
"MLP","11:13:00","APCL"," 1",8246,NULL,1190
"MLP","11:19:00","APPE"," 4",8248,NULL,1191
"MLP","11:22:00","APPE"," 4",8250,NULL,1192
"MLP","11:25:00","APCL"," 10",8251,NULL,1193
"MLP","11:28:00","APCL"," 7",8252,NULL,1194
"MLP","11:31:00","APCL"," 4",8255,NULL,1195
"MLP","11:42:00","APPE"," 4",8256,NULL,1196
"MRS","11:58:00","APCL","10",8260,"This anem tag was added on this dive but not recorded by the anem surveyor, fish collector recorded anem closest to fish basket.",1197
"KAC, MLP","13:09:00","APCL"," 4",8261,NULL,1198
"MRS","13:21:00","APCL","9",8263,"This anem tag was not recorded by the anem surveyor during this dive, fish collector recorded anem closest to fish basket.",1199
"KAC, MLP","13:35:00","APPE","3",8267,NULL,1200
"KAC, MLP","13:40:00","APPE","4",8270,NULL,1201
"KAC, MLP","13:45:00","APCL","3",8272,NULL,1202
"KAC, MLP","13:48:00","APCL","2",8273,NULL,1203
"KAC, MLP","13:52:00","APPE","4",8274,NULL,1204
"KAC","10:33:40","APPE","1",8294,NULL,1205
"KAC","10:35:09","APCL","2",8295,NULL,1206
"KAC","10:38:36","APCL","4",8297,"from earlier, fins clipped by Michelle and Gerry",1207
"KAC","10:40:35","APPE","3",8298,NULL,1208
"KAC","10:43:42","APCL","3",8300,NULL,1209
"KAC","10:44:53","APPE","3",8301,NULL,1210
"KAC","10:51:25","APPE","3",8305,NULL,1211
"KAC","11:09:45","APPE","3",8314,NULL,1212
"KAC","11:19:00","APCL","3",8316,"eggs!",1213
"KAC","11:36:17","APOC","4",8318,NULL,1214
"KAC","13:43:43","APCL","5",8334,"repeat observation from 5/19, survey 31",1215
"KAC","13:44:12","APPE","3",8336,NULL,1216
"KAC","13:45:22","APPE","1",8337,NULL,1217
"KAC","13:45:30","APCL","3",8338,"10 was clipped, caught 9",1218
"KAC","13:52:30","APCL","3",8342,"why is one clipped?",1219
"KAC","14:26:21","APPE","3",8355,NULL,1220
"KAC","14:57:04","APPE","4",8366,NULL,1221
"KAC","09:39:42","APCL","3",8367,NULL,1222
"KAC","10:08:00","APCL","5",8372,NULL,1223
"KAC","12:53:22","APCL","5",8383,"1 APPE, 2cm",1224
"KAC","13:43:34","APCL","1",8389,NULL,1225
"KAC","13:46:25","APPE","2",8390,NULL,1226
"KAC","09:51:51","APCL","4",8394,NULL,1227
"KAC","10:31:36","APCL","4",8399,NULL,1228
"KAC","10:48:59","APCL","3",8404,NULL,1229
"KAC","11:35:00","APCL","3",8405,"1 APPE, 3cm",1230
"MRS","13:35:00","APCL","9",8408,"This anem tag was added on this dive but not recorded by the anem surveyor, fish collector recorded anem closest to fish basket.",1231
"KAC","13:48:34","APPE","4",8409,NULL,1232
"KAC","13:57:18","APPE","2",8413,NULL,1233
"KAC","14:03:52","APCL","4",8416,NULL,1234
"KAC","14:20:05","APCL","4",8418,NULL,1235
"KAC","08:59:17","APPE","4",8423,NULL,1236
"KAC","09:06:12","APCL","6",8426,"no eggs",1237
"KAC","09:46:21","APCL","8",8427,"no eggs",1238
"KAC","09:57:21","APCL","6",8428,"2 APPE, 3cm, 3cm",1239
"KAC","10:24:50","APPE","4",8429,NULL,1240
"KAC","12:06:10","APCL","11",8430,"wiley",1241
"KAC","08:33:13","APCL","10",8434,NULL,1242
"KAC","09:29:51","APCL","7",8437,NULL,1243
"KAC","09:38:19","APCL","3",8438,NULL,1244
"KAC","10:24:19","APCL","4",8439,"APPE 3cm",1245
"KAC","12:31:20","APCL","4",8444,"no eggs",1246
"KAC","12:40:08","APFR","2",8445,NULL,1247
"KAC","09:47:11","APCL","1",8448,NULL,1248
"KAC","10:10:33","APCL"," 06",8453,"2 APPE 3, 4",1249
"KAC","10:28:09","APFR"," 9",8455,NULL,1250
"KAC","12:56:30","APPE"," 3",8472,NULL,1251
"KAC","13:05:33","APCL"," 10",8473,NULL,1252
"KAC","14:01:53","APCL"," 2",8475,NULL,1253
"KAC","09:35:53","APPE","4",8477,NULL,1254
"KAC","09:38:42","APCL","1",8478,NULL,1255
"KAC","11:23:23","APCL","4",8483,NULL,1256
"KAC","11:48:30","APCL","7",8486,NULL,1257
"KAC","12:03:50","APCL","6",8488,NULL,1258
"KAC","12:08:55","APPE","3",8489,NULL,1259
"KAC","12:20:20","APCL","3",8491,"1 APPE 3CM",1260
"KAC","10:29:05","APCL","5",8495,NULL,1261
"KAC","10:45:11","APCL","5",8499,NULL,1262
"KAC","11:59:20","APCL","6",8514,NULL,1263
"KAC","12:25:27","APCL","8",8515,NULL,1264
"KAC","12:44:00","APCL","5",8518,NULL,1265
"KAC","09:19:22","APCL","3",8522,"terribly tagged, no good place, sorry",1266
"KAC","09:49:29","APCL","8",8533,NULL,1267
"KAC","10:17:09","APCL","4",8546,NULL,1268
"KAC","11:01:00","APCL","5",8556,NULL,1269
"KAC","11:05:44","APCL","10",8559,NULL,1270
"KAC","11:21:13","APCL","?",8560,NULL,1271
"KAC","13:21:00","APCL","3",8569,NULL,1272
"KAC","13:58:18","APCL","9",8595,NULL,1273
"KAC","14:08:51","APCL","5",8603,NULL,1274
"KAC","14:53:00","APCL","6",8619,NULL,1275
"KAC","12:10:56","APCL","4",8633,NULL,1276
"KAC","12:16:09","APCL","3",8637,"WROTE 2762 on the datasheet twice, this one is 2764, I think",1277
"KAC","12:19:51","APCL","9",8638,NULL,1278
"KAC","12:23:20","APCL","3",8639,NULL,1279
"KAC","12:29:27","APCL","2",8642,NULL,1280
"KAC","12:30:38","APCL","4",8643,NULL,1281
"KAC","12:41:44","APCL","7",8645,NULL,1282
"KAC","12:46:56","APCL","4",8647,NULL,1283
"KAC","13:26:24","APCL","2",8662,NULL,1284
"KAC","13:34:43","APCL","3",8665,NULL,1285
"KAC","11:16:00","APCL","4",8669,NULL,1286
"KAC","11:23:30","APCL","4",8673,NULL,1287
"KAC","11:27:28","APCL","4",8674,"WEIRD VIBRATING",1288
"KAC","11:37:41","APCL","5",8677,"WEIRD VIBRATING",1289
"KAC","11:43:01","APCL","5",8679,NULL,1290
"KAC","11:46:15","APFR","4",8681,NULL,1291
"KAC","12:03:44","APCL","4",8684,"NO ANEM ID WRITTEN ON DATASHEET, ASSUMING 2782 BECAUSE MISSING NUMBER",1292
"KAC","10:21:32","APCL"," 2",8690,NULL,1293
"KAC","10:25:00","APCL"," 2",8693,NULL,1294
"KAC","10:31:44","APCL"," 6",8695,NULL,1295
"KAC","10:43:57","APCL"," 4",8702,NULL,1296
"KAC","10:57:02","APCL"," 4",8704,"next to 2781 from 6/3",1297
"KAC","11:02:32","APCL"," 8",8705,NULL,1298
"KAC","11:03:34","APCL"," 11",8706,NULL,1299
"KAC","11:13:25","APCL"," 2",8709,NULL,1300
"KAC","11:25:18","APCL"," 4",8710,NULL,1301
"KAC","11:32:14","APCL"," 2",8711,NULL,1302
"KAC","14:09:09","APCL"," 3",8714,NULL,1303
"KAC","14:19:26","APCL"," 3",8717,NULL,1304
"KAC","14:42:38","APCL"," 3",8723,NULL,1305
"KAC","14:59:19","APCL"," 6",8728,"1 APFR",1306
"KAC","15:42:38","APCL"," 3",8735,NULL,1307
"KAC","11:25:33","APCL"," 4",8740,"MRS added 2897 later because 2897 was the first anem on the clownfish survey sheet for this dive, the tag was read in the field, added during this dive but not recorded",1308
"KAC","11:28:40","APCL"," 7",8743,NULL,1309
"KAC","11:35:41","APCL"," 4",8745,NULL,1310
"KAC","12:14:38","APCL"," 4",8755,NULL,1311
"KAC","14:03:33","APCL"," 4",8764,"anem id could be 2187, there is some confusion between datasheets",1312
"KAC","14:07:51","APCL"," 2",8765,NULL,1313
"KAC","14:12:39","APCL"," 9",8768,NULL,1314
"KAC","14:29:17","APCL"," 10",8773,NULL,1315
"KAC","14:34:23","APCL"," 9",8775,NULL,1316
"KAC","14:43:00","APCL"," 8",8776,NULL,1317
"KAC","15:36:24","APCL"," 9",8780,NULL,1318
"KAC","10:40:53","APCL"," 7",8793,NULL,1319
"KAC","11:00:50","APCL"," 6",8797,NULL,1320
"KAC","11:30:15","APCL"," 2",8805,NULL,1321
"KAC","11:32:26","APCL"," 3",8806,NULL,1322
"KAC","12:07:15","APCL"," 5",8811,NULL,1323
"KAC","12:11:20","APCL"," 5",8812,NULL,1324
"KAC","08:33:40","APCL","1",8814,"1 tiny APFR",1325
"KAC","09:06:43","APCL","5",8816,NULL,1326
"KAC","10:51:49","APCL","5",8826,NULL,1327
"KAC","11:07:14","APCL","?",8830,NULL,1328
"KAC","09:22:03","APCL","5",8835,NULL,1329
"KAC","10:06:13","APCL","2",8844,NULL,1330
"KAC","10:09:42","APCL","5",8845,NULL,1331
"KAC","13:32:32","APCL","3",8875,NULL,1332
"KAC","13:43:27","APCL","4",8881,"VIE TAG? HID BIG O",1333
"KAC","13:49:52","APCL","10",8883,NULL,1334
"KAC","14:12:00","APCL","5",8887,NULL,1335
"KAC","14:13:39","APCL","6",8888,NULL,1336
"KAC","14:19:46","APCL","4",8890,NULL,1337
"KAC","14:25:25","APCL","4",8892,NULL,1338
"KAC","15:02:00","APCL","10",8901,NULL,1339
"KAC","09:29:36","APCL","4",8905,NULL,1340
"KAC","09:38:05","APCL","10",8907,NULL,1341
"KAC","09:18:57","APCL","6",8912,"ANOTHER ANEMONE WAS WRITTEN AS 2884, THINK THAT ONE WAS 2885 HOWEVER THERE IS A CHANCE THIS ANEMONE WAS UNTAGGED.",1342
"KAC","10:55:03","APCL","6",8941,NULL,1343
"KAC","10:57:15","APCL","3",8944,NULL,1344
"KAC","08:20:45","APCL","6",8946,NULL,1345
"KAC","08:43:04","APCL","4",8947,NULL,1346
"KAC","08:47:38","APCL","3",8949,NULL,1347
"KAC","08:54:46","APCL","4",8950,NULL,1348
"KAC","13:18:54","APCL","6",8954,NULL,1349
"KAC","13:19:25","APCL","6",8955,NULL,1350
"KAC","13:54:00","APCL","7",8963,NULL,1351
"KAC","13:54:00","APCL","3",8964,NULL,1352
"KAC","09:58:30","APCL","8",8982,NULL,1353
"KAC","10:30:52","APCL","8",8985,"POSSIBLY 5 FISH, THE EXTRA WOULD BE 8…GERRY THINKS 4 FISH, KATRINA THINKS 5",1354
"KAC","09:10:40","APCL","11",8987,NULL,1355
"KAC","09:23:01","APCL","8",8989,NULL,1356
"KAC","09:53:06","APCL","9",8995,NULL,1357
"KAC","10:05:24","APCL","11",8998,NULL,1358
"KAC","10:39:32","APCL","4",9008,NULL,1359
"KAC","10:45:13","APCL","4",9010,"UNREADABLE ON ANEM DATA SHEET, 1254 ON CLOWNFISH DATA SHEET",1360
"KAC","12:42:54","APCL","11",9012,NULL,1361
"KAC","12:47:44","APCL","3",9013,NULL,1362
"KAC","12:57:27","APCL","9",9017,NULL,1363
"KAC","14:00:00","APCL","2",9024,NULL,1364
"KAC","14:16:39","APCL","9",9025,NULL,1365
"KAC","14:31:49","APCL","9",9026,"UNREADABLE ON ANEM DATA SHEET, 1252 ON CLOWNFISH DATA SHEET",1366
"MRS, G_S","09:26:00","APCL"," 6",7532,"APPE 3. 0, 5",1367
"G_S","10:45:00","APPE","9",8107,NULL,1368
"G_S","11:33:52","APCL","7",8144,NULL,1369
"G_S","09:36:20","APCL","2",8145,NULL,1370
"G_S","10:58:10","APCL","12",8155,NULL,1371
"G_S","10:41:13","APCL","11",8177,NULL,1372
"G_S","11:07:46","APCL","9",8178,NULL,1373
"MLP","14:43:00","APCL"," 2",8217,NULL,1374
"MLP","11:13:00","APCL"," 6",8246,NULL,1375
"MLP","11:28:00","APCL"," 5",8252,NULL,1376
"KAC, MLP","13:09:00","APCL"," 3",8261,NULL,1377
"KAC, MLP","13:40:00","APPE","4",8270,NULL,1378
"KAC, MLP","13:45:00","APCL","2",8272,NULL,1379
"KAC","11:36:17","APOC","4",8318,NULL,1380
"KAC","13:43:43","APCL","2",8334,"repeat observation from 5/19, survey 31",1381
"KAC","13:45:30","APCL","1",8338,"10 was clipped, caught 9",1382
"KAC","13:52:30","APCL","3",8342,"why is one clipped?",1383
"KAC","12:53:22","APCL","1",8383,"1 APPE, 2cm",1384
"KAC","10:31:36","APCL","3",8399,NULL,1385
"KAC","10:48:59","APCL","2",8404,NULL,1386
"KAC","11:35:00","APCL","5",8405,"1 APPE, 3cm",1387
"KAC","13:57:18","APPE","3",8413,NULL,1388
"KAC","14:03:52","APCL","9",8416,NULL,1389
"KAC","09:06:12","APCL","2",8426,"no eggs",1390
"KAC","09:57:21","APCL","8",8428,"2 APPE, 3cm, 3cm",1391
"KAC","12:06:10","APCL"," 1",8430,"wiley",1392
"KAC","08:33:13","APCL","7",8434,NULL,1393
"KAC","09:29:51","APCL","2",8437,NULL,1394
"KAC","09:38:19","APCL","5",8438,NULL,1395
"KAC","10:24:19","APCL","3",8439,"APPE 3cm",1396
"KAC","12:31:20","APCL","2",8444,"no eggs",1397
"KAC","14:01:53","APCL"," 2",8475,NULL,1398
"KAC","09:38:42","APCL","1",8478,NULL,1399
"KAC","10:45:11","APCL","2",8499,NULL,1400
"KAC","11:59:20","APCL","3",8514,NULL,1401
"KAC","11:01:00","APCL","3",8556,NULL,1402
"KAC","12:10:56","APCL","3",8633,NULL,1403
"KAC","12:29:27","APCL","1",8642,NULL,1404
"KAC","12:30:38","APCL","3",8643,NULL,1405
"KAC","13:26:24","APCL","1",8662,NULL,1406
"KAC","13:34:43","APCL","6",8665,NULL,1407
"KAC","11:16:00","APCL","1",8669,NULL,1408
"KAC","11:27:28","APCL","2",8674,"WEIRD VIBRATING",1409
"KAC","11:37:41","APCL","7",8677,"WEIRD VIBRATING",1410
"KAC","10:25:00","APCL"," 2",8693,NULL,1411
"KAC","10:31:44","APCL"," 4",8695,NULL,1412
"KAC","10:43:57","APCL"," 0.5",8702,NULL,1413
"KAC","11:02:32","APCL"," 9",8705,NULL,1414
"KAC","11:25:18","APCL"," 9",8710,NULL,1415
"KAC","11:32:14","APCL"," 3",8711,NULL,1416
"KAC","14:09:09","APCL"," 5",8714,NULL,1417
"KAC","14:42:38","APCL"," 6",8723,NULL,1418
"KAC","15:42:38","APCL"," 3",8735,NULL,1419
"KAC","14:03:33","APCL"," 3",8764,"anem id could be 2187, there is some confusion between datasheets",1420
"KAC","14:12:39","APCL"," 10",8768,NULL,1421
"KAC","14:29:17","APCL"," 2",8773,NULL,1422
"KAC","14:34:23","APCL"," 2",8775,NULL,1423
"KAC","12:07:15","APCL"," 6",8811,NULL,1424
"KAC","12:11:20","APCL"," 3",8812,NULL,1425
"KAC","09:06:43","APCL","2",8816,NULL,1426
"KAC","10:06:13","APCL","3",8844,NULL,1427
"KAC","13:32:32","APCL","7",8875,NULL,1428
"KAC","14:12:00","APCL","1",8887,NULL,1429
"KAC","14:13:39","APCL","10",8888,NULL,1430
"KAC","09:29:36","APCL","3",8905,NULL,1431
"KAC","09:38:05","APCL","6",8907,NULL,1432
"KAC","10:55:03","APCL","5",8941,NULL,1433
"KAC","10:57:15","APCL","2",8944,NULL,1434
"KAC","08:20:45","APCL","3",8946,NULL,1435
"KAC","08:43:04","APCL","3",8947,NULL,1436
"KAC","13:54:00","APCL","6",8963,NULL,1437
"KAC","09:58:30","APCL","7",8982,NULL,1438
"KAC","10:30:52","APCL","7",8985,"POSSIBLY 5 FISH, THE EXTRA WOULD BE 8…GERRY THINKS 4 FISH, KATRINA THINKS 5",1439
"KAC","09:23:01","APCL","10",8989,NULL,1440
"KAC","10:45:13","APCL","2",9010,"UNREADABLE ON ANEM DATA SHEET, 1254 ON CLOWNFISH DATA SHEET",1441
"KAC","12:47:44","APCL","8",9013,NULL,1442
"KAC","12:57:27","APCL","4",9017,NULL,1443
"G_S","11:33:52","APCL","6",8144,NULL,1444
"G_S","11:07:46","APCL","8",8178,NULL,1445
"MLP","14:43:00","APCL"," 2",8217,NULL,1446
"MLP","11:28:00","APCL"," 1",8252,NULL,1447
"KAC","13:43:43","APCL","2",8334,"repeat observation from 5/19, survey 31",1448
"KAC","10:31:36","APCL","1",8399,NULL,1449
"KAC","10:48:59","APCL","2",8404,NULL,1450
"KAC","09:06:12","APCL","4",8426,"no eggs",1451
"KAC","09:57:21","APCL","9",8428,"2 APPE, 3cm, 3cm",1452
"KAC","09:29:51","APCL","2",8437,NULL,1453
"KAC","10:24:19","APCL","2",8439,"APPE 3cm",1454
"KAC","12:31:20","APCL","1",8444,"no eggs",1455
"KAC","14:01:53","APCL"," 2",8475,NULL,1456
"KAC","09:38:42","APCL","2",8478,NULL,1457
"KAC","10:45:11","APCL","1",8499,NULL,1458
"KAC","12:30:38","APCL","2",8643,NULL,1459
"KAC","11:37:41","APCL","8",8677,"WEIRD VIBRATING",1460
"KAC","10:31:44","APCL"," 3",8695,NULL,1461
"KAC","10:43:57","APCL"," 0.5",8702,NULL,1462
"KAC","11:02:32","APCL"," 3",8705,NULL,1463
"KAC","11:25:18","APCL"," 10",8710,NULL,1464
"KAC","14:09:09","APCL"," 8",8714,NULL,1465
"KAC","15:42:38","APCL"," 7",8735,NULL,1466
"KAC","14:12:39","APCL"," 5",8768,NULL,1467
"KAC","14:29:17","APCL"," 5",8773,NULL,1468
"KAC","12:07:15","APCL"," 3",8811,NULL,1469
"KAC","14:13:39","APCL","10",8888,NULL,1470
"KAC","10:55:03","APCL","3",8941,NULL,1471
"KAC","13:54:00","APCL","3",8963,NULL,1472
"KAC","12:57:27","APCL","3",9017,NULL,1473
"MLP","14:43:00","APCL"," 1",8217,NULL,1474
"KAC","13:43:43","APCL","1",8334,"repeat observation from 5/19, survey 31",1475
"KAC","09:29:51","APCL","4",8437,NULL,1476
"KAC","12:31:20","APCL","7",8444,"no eggs",1477
"KAC","14:01:53","APCL"," 3",8475,NULL,1478
"KAC","09:38:42","APCL","1",8478,NULL,1479
"KAC","12:30:38","APCL","1",8643,NULL,1480
"KAC","11:25:18","APCL"," 7",8710,NULL,1481
"KAC","14:13:39","APCL","3",8888,NULL,1482
"KAC","13:54:00","APCL","3",8963,NULL,1483
"MLP","14:43:00","APCL"," 3",8217,NULL,1484
"KAC","09:29:51","APCL","3",8437,NULL,1485
"KAC","12:31:20","APCL","3",8444,"no eggs",1486
"KAC","09:38:42","APCL","1",8478,NULL,1487
"KAC","11:25:18","APCL"," 5",8710,NULL,1488
"MRS, G_S","09:26:00","APPE","3",7532,"APPE 3. 0, 5",1489
"MLP","10:51:00","APSA","2",8191,"BLACK, APSA 2, APPE 3",1490
"MLP","10:57:00","APPE","3",8194,"APPE 3",1491
"MLP","11:40:00","APCL","1",8195,"APCL 1",1492
"MLP","12:11:00","APPE","2",8206,"APPE 2, CAUGHT 1",1493
"MLP","10:35:00","APFR","2",8239,"APFR 2",1494
"KAC, MLP","14:04:00","APPE","5",8279,"3 APPE 5cm,4cm,3cm",1495
"KAC, MLP","14:08:00","APPE","2",8281,"1 APPE, 2cm",1496
"KAC, MLP","14:37:00","APPE","1",8290,"1 APPE, 1cm; black APCL was not caught, 10cm, not sure which anemone but might be this one",1497
"KAC","14:12:00","APPE","2",8349,"APPE 2,5 cm",1498
"KAC","09:49:07","APPE","3",8369,"1 APPE, 3cm",1499
"KAC","09:54:33","APPE","4",8371,"1 APPE, 4cm",1500
"KAC","10:16:41","APPE","2",8374,"1 APPE, 2cm",1501
"KAC","12:53:22","APPE","4",8383,"1 APPE, 2cm",1502
"KAC","12:58:04","APPE","4",8384,"2 APPE, 4cm, 3cm",1503
"KAC","10:33:36","APPE","4",8401,"2 APPE, 4cm, 4cm",1504
"KAC","10:45:42","APPE","3",8402,"1 APPE, 4cm",1505
"KAC","09:57:21","APPE","3",8428,"2 APPE, 3cm, 3cm",1506
"KAC","12:48:14","APPE","4",8432,"3 APPE, 4cm,4cm,4cm; no eggs",1507
"KAC","12:55:47","APPE","5",8446,"1 APPE",1508
"KAC","09:30:10","APPE","4",8447,"1 APPE 4 CM",1509
"KAC","10:06:14","APPE","4",8452,"1 APPE 4, EGGS, 1 ESCAPEE, OR SMALLER OF 2674…",1510
"KAC","10:10:33","APPE","3",8453,"2 APPE 3, 4",1511
"KAC","12:41:06","APPE","4",8468,"2 APPE 4 CM 2 CM",1512
"KAC","12:46:38","APPE","3",8469,"2 APPE 3CM",1513
"KAC","09:20:10","APPE","4",8476,"1 appe 4cm",1514
"KAC","12:12:14","APPE","5",8490,"1 APPE",1515
"KAC","12:20:20","APPE","3",8491,"1 APPE 3CM",1516
"KAC","12:25:15","APPE","4",8492,"1 APPE 4CM",1517
"KAC","10:50:31","APPE","2",8500,"1 APPE 2CM",1518
"KAC","11:01:30","APPE","3",8503,"1 APPE 3CM",1519
"KAC","11:48:28","APPE","2",8510,"2 APPE 2CM, 3CM",1520
"KAC","09:54:27","APPE","5",8536,"1 appe",1521
"KAC","10:18:58","APPE","5",8547,"1 APPE",1522
"KAC","14:59:19","APFR","5",8728,"1 APFR",1523
"KAC","13:50:31","APFR","1",8759,"1 tiny APFR",1524
"KAC","11:23:50","APPE","5",8802,"1 APPE",1525
"KAC","11:36:03","APPE","5",8807,"3 APPE",1526
"KAC","11:44:32","APPE","5",8808,"3 APPE",1527
"KAC","11:52:20","APPE","5",8809,"3 APPE",1528
"KAC","08:33:40","APFR","1",8814,"1 tiny APFR",1529
"KAC","09:38:22","APPE","5",8839,"3 APPE",1530
"KAC","12:00:56","APFR","5",8848,"1 APFR",1531
"KAC","10:00:53","APPE","5",8859,"1 APPE",1532
"KAC","09:35:54","APFR","1",8906,"1 APFR TINY FISH",1533
"MRS, G_S","09:26:00","APPE","0.5",7532,"APPE 3. 0, 5",1534
"KAC, MLP","14:04:00","APPE","4",8279,"3 APPE 5cm,4cm,3cm",1535
"KAC","14:12:00","APPE","5",8349,"APPE 2,5 cm",1536
"KAC","12:53:22","APPE","3",8383,"1 APPE, 2cm",1537
"KAC","12:58:04","APPE","4",8384,"2 APPE, 4cm, 3cm",1538
"KAC","09:57:21","APPE","3",8428,"2 APPE, 3cm, 3cm",1539
"KAC","12:48:14","APPE","4",8432,"3 APPE, 4cm,4cm,4cm; no eggs",1540
"KAC","10:10:33","APPE","4",8453,"2 APPE 3, 4",1541
"KAC","12:41:06","APPE","2",8468,"2 APPE 4 CM 2 CM",1542
"KAC","11:48:28","APPE","3",8510,"2 APPE 2CM, 3CM",1543
"KAC","11:36:03","APPE","4",8807,"3 APPE",1544
"KAC","11:44:32","APPE","4",8808,"3 APPE",1545
"KAC","11:52:20","APPE","4",8809,"3 APPE",1546
"KAC","09:38:22","APPE","4",8839,"3 APPE",1547
"KAC, MLP","14:04:00","APPE","3",8279,"3 APPE 5cm,4cm,3cm",1548
"KAC","12:48:14","APPE","4",8432,"3 APPE, 4cm,4cm,4cm; no eggs",1549
"KAC","11:36:03","APPE","3",8807,"3 APPE",1550
"KAC","11:44:32","APPE","3",8808,"3 APPE",1551
"KAC","11:52:20","APPE","3",8809,"3 APPE",1552
"KAC","09:38:22","APPE","3",8839,"3 APPE",1553
"MLP","10:51:00","APPE","3",8191,"BLACK, APSA 2, APPE 3",1554
